[{"pk": 1, "model": "modernpolitics.physicaladdress", "fields": {"city": "Boston", "district": null, "zip": null, "longitude": null, "state": "MA", "address_string": null, "latitude": null}}, {"pk": 1, "model": "modernpolitics.topic", "fields": {"hover": "defaults/172103.png", "topic_text": "Economy", "parent_topic": 13, "image": "defaults/363915.png", "selected": "defaults/379446.png", "alias": "economy", "icon": "defaults/884664.png"}}, {"pk": 2, "model": "modernpolitics.topic", "fields": {"hover": "", "topic_text": "Taxes", "parent_topic": 1, "image": "", "selected": "", "alias": "taxes", "icon": ""}}, {"pk": 3, "model": "modernpolitics.topic", "fields": {"hover": "defaults/746803.png", "topic_text": "Education", "parent_topic": null, "image": "defaults/608658.png", "selected": "defaults/521967.png", "alias": "education", "icon": "defaults/660274.png"}}, {"pk": 4, "model": "modernpolitics.topic", "fields": {"hover": "", "topic_text": "College", "parent_topic": 3, "image": "", "selected": "", "alias": "college", "icon": ""}}, {"pk": 5, "model": "modernpolitics.topic", "fields": {"hover": "", "topic_text": "School Funding", "parent_topic": 3, "image": "", "selected": "", "alias": "schoolfunding", "icon": ""}}, {"pk": 6, "model": "modernpolitics.topic", "fields": {"hover": "", "topic_text": "Reform", "parent_topic": 13, "image": "", "selected": "", "alias": "reform", "icon": ""}}, {"pk": 7, "model": "modernpolitics.topic", "fields": {"hover": "", "topic_text": "Justice Reform", "parent_topic": 6, "image": "", "selected": "", "alias": "justicereform", "icon": ""}}, {"pk": 8, "model": "modernpolitics.topic", "fields": {"hover": "defaults/39302.png", "topic_text": "Social Issues", "parent_topic": 13, "image": "defaults/707890.png", "selected": "defaults/921765.png", "alias": "socialissues", "icon": "defaults/999409.png"}}, {"pk": 9, "model": "modernpolitics.topic", "fields": {"hover": "", "topic_text": "Foreign Policy", "parent_topic": 13, "image": "", "selected": "", "alias": "foreignpolicy", "icon": ""}}, {"pk": 10, "model": "modernpolitics.topic", "fields": {"hover": "defaults/487505.png", "topic_text": "Environment", "parent_topic": 13, "image": "defaults/570636.png", "selected": "defaults/374500.png", "alias": "environment", "icon": "defaults/657680.png"}}, {"pk": 11, "model": "modernpolitics.topic", "fields": {"hover": "defaults/308723.png", "topic_text": "Health Care", "parent_topic": 1, "image": "defaults/573151.png", "selected": "defaults/670691.png", "alias": "healthcare", "icon": "defaults/27861.png"}}, {"pk": 12, "model": "modernpolitics.topic", "fields": {"hover": "defaults/776680.png", "topic_text": "Energy", "parent_topic": 13, "image": "defaults/697052.png", "selected": "defaults/366056.png", "alias": "energy", "icon": "defaults/98423.png"}}, {"pk": 13, "model": "modernpolitics.topic", "fields": {"hover": "", "topic_text": "Root", "parent_topic": 1, "image": "", "selected": "", "alias": "root", "icon": ""}}, {"pk": 14, "model": "modernpolitics.topic", "fields": {"hover": "", "topic_text": "Stem Cell Research", "parent_topic": 8, "image": "", "selected": "", "alias": "stemcellresearch", "icon": ""}}, {"pk": 15, "model": "modernpolitics.topic", "fields": {"hover": "", "topic_text": "Abortion", "parent_topic": 8, "image": "", "selected": "", "alias": "abortion", "icon": ""}}, {"pk": 16, "model": "modernpolitics.topic", "fields": {"hover": "", "topic_text": "Abortion", "parent_topic": 8, "image": "", "selected": "", "alias": "abortion", "icon": ""}}, {"pk": 17, "model": "modernpolitics.topic", "fields": {"hover": "", "topic_text": "Terrorism", "parent_topic": 9, "image": "", "selected": "", "alias": "terrorism", "icon": ""}}, {"pk": 18, "model": "modernpolitics.topic", "fields": {"hover": "", "topic_text": "Immigration", "parent_topic": 9, "image": "", "selected": "", "alias": "immigration", "icon": ""}}, {"pk": 19, "model": "modernpolitics.topic", "fields": {"hover": "", "topic_text": "Financial Regulation", "parent_topic": 1, "image": "", "selected": "", "alias": "financialregulation", "icon": ""}}, {"pk": 20, "model": "modernpolitics.topic", "fields": {"hover": "", "topic_text": "Drugs", "parent_topic": 8, "image": "", "selected": "", "alias": "drugs", "icon": ""}}, {"pk": 21, "model": "modernpolitics.topic", "fields": {"hover": "defaults/600737.png", "topic_text": "National Security", "parent_topic": 9, "image": "defaults/967832.png", "selected": "defaults/38443.png", "alias": "nationalsecurity", "icon": "defaults/646754.png"}}, {"pk": 22, "model": "modernpolitics.topic", "fields": {"hover": "", "topic_text": "Civil Liberties", "parent_topic": 8, "image": "", "selected": "", "alias": "civilliberties", "icon": ""}}, {"pk": 24, "model": "modernpolitics.topic", "fields": {"hover": "defaults/628525.png", "topic_text": "General", "parent_topic": null, "image": "defaults/470868.png", "selected": "defaults/310838.png", "alias": "general", "icon": "defaults/161515.png"}}, {"pk": 4, "model": "modernpolitics.content", "fields": {"hot_score": 0, "creator": 154, "downvotes": 0, "in_search": true, "rank": "9.9", "calculated_view": null, "active": true, "last_answered": null, "main_topic": 8, "scale": "P", "privacy": "PUB", "num_comments": 1, "location": null, "upvotes": 1, "type": "Q", "topics": [8], "posted_to": 171520, "status": 1, "content_privacy": "O", "shared_to": [], "in_feed": false, "unique_commenter_ids": "[2619L]", "in_calc": true, "commenters": [], "main_image": null, "title": "Should women be allowed to have an abortion?", "summary": "Follow-up questions should be concerned with the various stages of development of the fetus as well as funding for Planned Parenthood.", "alias": "default", "created_when": "2012-02-15T13:08:21"}}, {"pk": 5, "model": "modernpolitics.content", "fields": {"hot_score": 0, "creator": 154, "downvotes": 0, "in_search": true, "rank": "8.62", "calculated_view": null, "active": true, "last_answered": null, "main_topic": 21, "scale": "P", "privacy": "PUB", "num_comments": 0, "location": null, "upvotes": 1, "type": "Q", "topics": [21], "posted_to": 171520, "status": 1, "content_privacy": "O", "shared_to": [], "in_feed": false, "unique_commenter_ids": "[]", "in_calc": true, "commenters": [], "main_image": null, "title": "Should the Guantanamo Bay detention camp remain in operation? ", "summary": "Follow-up questions should be concerned with interrogation techniques, transfer of prisoners and legal rights of prisoners.", "alias": "default", "created_when": "2012-02-15T19:51:14"}}, {"pk": 8, "model": "modernpolitics.content", "fields": {"hot_score": 0, "creator": 154, "downvotes": 0, "in_search": true, "rank": "9.7", "calculated_view": null, "active": true, "last_answered": null, "main_topic": 8, "scale": "P", "privacy": "PUB", "num_comments": 1, "location": null, "upvotes": 1, "type": "Q", "topics": [8], "posted_to": 171520, "status": 1, "content_privacy": "O", "shared_to": [], "in_feed": false, "unique_commenter_ids": "[10L]", "in_calc": true, "commenters": [], "main_image": null, "title": "Should the U.S. allow long-time illegal immigrants that are in good standing to gain legal status as well as expand the guest worker visa program?", "summary": "Follow-up questions should include criteria for residency, enforcement of deportation policies, access to education/healthcare/employment, border protection.", "alias": "default", "created_when": "2012-02-17T17:55:59"}}, {"pk": 9, "model": "modernpolitics.content", "fields": {"hot_score": 0, "creator": 154, "downvotes": 0, "in_search": true, "rank": "9.3", "calculated_view": null, "active": true, "last_answered": null, "main_topic": 11, "scale": "P", "privacy": "PUB", "num_comments": 2, "location": null, "upvotes": 1, "type": "Q", "topics": [11], "posted_to": 171520, "status": 1, "content_privacy": "O", "shared_to": [], "in_feed": false, "unique_commenter_ids": "[10L, 7L]", "in_calc": true, "commenters": [], "main_image": null, "title": "In general, was the Obama Administration's health care reform legislation beneficial for the United States?", "summary": "This question will likely need to be either reworded or altered altogether since it is not clarifying whether it concerns Medicare or not.\r\n", "alias": "default", "created_when": "2012-02-19T11:27:47"}}, {"pk": 10, "model": "modernpolitics.content", "fields": {"hot_score": 0, "creator": 154, "downvotes": 0, "in_search": true, "rank": "0", "calculated_view": null, "active": true, "last_answered": null, "main_topic": 10, "scale": "P", "privacy": "PUB", "num_comments": 1, "location": null, "upvotes": 1, "type": "Q", "topics": [10], "posted_to": 171520, "status": 1, "content_privacy": "O", "shared_to": [], "in_feed": false, "unique_commenter_ids": "[2586L]", "in_calc": true, "commenters": [], "main_image": null, "title": "Should the EPA's emissions standards be based on the scientific finding that greenhouse gases endanger human health and the environment?", "summary": "Follow-up questions should focus on regulation reform, tax laws, renewable/alternative energy funding, industry regulations.", "alias": "default", "created_when": "2012-02-20T15:58:53"}}, {"pk": 11, "model": "modernpolitics.content", "fields": {"hot_score": 0, "creator": 154, "downvotes": 0, "in_search": true, "rank": "9.45", "calculated_view": null, "active": true, "last_answered": null, "main_topic": 1, "scale": "P", "privacy": "PUB", "num_comments": 0, "location": null, "upvotes": 1, "type": "Q", "topics": [1], "posted_to": 171520, "status": 1, "content_privacy": "O", "shared_to": [], "in_feed": false, "unique_commenter_ids": "[]", "in_calc": true, "commenters": [], "main_image": null, "title": "Should large financial institutions be subject to stricter government regulations following the 2008 financial crisis?", "summary": "Follow-up questions should focus on TARP bailout, executive compensation, the federal reserve, SEC, concept of \"too big to fail.\"", "alias": "default", "created_when": "2012-02-22T14:50:32"}}, {"pk": 12, "model": "modernpolitics.content", "fields": {"hot_score": 0, "creator": 154, "downvotes": 0, "in_search": true, "rank": "9.15", "calculated_view": null, "active": true, "last_answered": null, "main_topic": 21, "scale": "P", "privacy": "PUB", "num_comments": 2, "location": null, "upvotes": 1, "type": "Q", "topics": [21], "posted_to": 171520, "status": 1, "content_privacy": "O", "shared_to": [], "in_feed": false, "unique_commenter_ids": "[58L, 141L]", "in_calc": true, "commenters": [], "main_image": null, "title": "Should the United States pledge unconditional support for Israel?", "summary": "Follow-up questions should focus on funds allocated for Israel, U.S. support in the event of an attack by Iran.", "alias": "default", "created_when": "2012-02-22T15:11:59"}}, {"pk": 14, "model": "modernpolitics.content", "fields": {"hot_score": 0, "creator": 154, "downvotes": 0, "in_search": true, "rank": "8.65", "calculated_view": null, "active": true, "last_answered": null, "main_topic": 8, "scale": "P", "privacy": "PUB", "num_comments": 1, "location": null, "upvotes": 1, "type": "Q", "topics": [8], "posted_to": 171520, "status": 1, "content_privacy": "O", "shared_to": [], "in_feed": false, "unique_commenter_ids": "[95L]", "in_calc": true, "commenters": [], "main_image": null, "title": "Should marijuana be legal for medical purposes?", "summary": "Follow-up questions should focus on medical marijuana, the war on drugs and funds allocated for it, sentencing, various levels of decriminalization.", "alias": "default", "created_when": "2012-02-22T15:57:23"}}, {"pk": 15, "model": "modernpolitics.content", "fields": {"hot_score": 0, "creator": 154, "downvotes": 0, "in_search": true, "rank": "9.4", "calculated_view": null, "active": true, "last_answered": null, "main_topic": 21, "scale": "P", "privacy": "PUB", "num_comments": 2, "location": null, "upvotes": 1, "type": "Q", "topics": [21], "posted_to": 171520, "status": 1, "content_privacy": "O", "shared_to": [], "in_feed": false, "unique_commenter_ids": "[10L]", "in_calc": true, "commenters": [], "main_image": null, "title": "Should the U.S. have a contingency plan for military operations in Iran?", "summary": "", "alias": "default", "created_when": "2012-03-05T10:00:07"}}, {"pk": 16, "model": "modernpolitics.content", "fields": {"hot_score": 0, "creator": 154, "downvotes": 0, "in_search": true, "rank": "9.8", "calculated_view": null, "active": true, "last_answered": null, "main_topic": 1, "scale": "P", "privacy": "PUB", "num_comments": 1, "location": null, "upvotes": 1, "type": "Q", "topics": [1], "posted_to": 171520, "status": 1, "content_privacy": "O", "shared_to": [], "in_feed": false, "unique_commenter_ids": "[48L]", "in_calc": true, "commenters": [], "main_image": null, "title": "Were you in support of the $700 billion TARP bailout in 2008 designed to stabilize the economy?", "summary": "Follow-up questions should focus on similar financial reform, executive compensation, etc.", "alias": "default", "created_when": "2012-03-05T10:12:58"}}, {"pk": 17, "model": "modernpolitics.content", "fields": {"hot_score": 0, "creator": 154, "downvotes": 0, "in_search": true, "rank": "8.8", "calculated_view": null, "active": true, "last_answered": null, "main_topic": 3, "scale": "P", "privacy": "PUB", "num_comments": 0, "location": null, "upvotes": 1, "type": "Q", "topics": [3], "posted_to": 171520, "status": 1, "content_privacy": "O", "shared_to": [], "in_feed": false, "unique_commenter_ids": "[]", "in_calc": true, "commenters": [], "main_image": null, "title": "In the public education system, should math and science be encouraged more than other subjects?", "summary": "", "alias": "default", "created_when": "2012-03-05T10:35:50"}}, {"pk": 18, "model": "modernpolitics.content", "fields": {"hot_score": 0, "creator": 154, "downvotes": 0, "in_search": true, "rank": "9.05", "calculated_view": null, "active": true, "last_answered": null, "main_topic": 1, "scale": "P", "privacy": "PUB", "num_comments": 0, "location": null, "upvotes": 1, "type": "Q", "topics": [1], "posted_to": 171520, "status": 1, "content_privacy": "O", "shared_to": [], "in_feed": false, "unique_commenter_ids": "[]", "in_calc": true, "commenters": [], "main_image": null, "title": "Was the 2009 economic stimulus package an appropriate response to the country's economic recession?", "summary": "Follow-up questions should focus on more specific government initiatives, tax credits, public works projects.", "alias": "default", "created_when": "2012-03-05T10:45:31"}}, {"pk": 19, "model": "modernpolitics.content", "fields": {"hot_score": 0, "creator": 154, "downvotes": 0, "in_search": true, "rank": "9.55", "calculated_view": null, "active": true, "last_answered": null, "main_topic": 21, "scale": "P", "privacy": "PUB", "num_comments": 0, "location": null, "upvotes": 1, "type": "Q", "topics": [21], "posted_to": 171520, "status": 1, "content_privacy": "O", "shared_to": [], "in_feed": false, "unique_commenter_ids": "[]", "in_calc": true, "commenters": [], "main_image": null, "title": "Should there be a clearly defined exit strategy for U.S. armed forces in Afghanistan?", "summary": "Follow-up questions should focus on presence of U.S. in general: contractors, advisors, businesses.", "alias": "default", "created_when": "2012-03-05T11:16:06"}}, {"pk": 20, "model": "modernpolitics.content", "fields": {"hot_score": 0, "creator": 154, "downvotes": 0, "in_search": true, "rank": "9.2", "calculated_view": null, "active": true, "last_answered": null, "main_topic": 1, "scale": "P", "privacy": "PUB", "num_comments": 0, "location": null, "upvotes": 1, "type": "Q", "topics": [1], "posted_to": 171520, "status": 1, "content_privacy": "O", "shared_to": [], "in_feed": false, "unique_commenter_ids": "[]", "in_calc": true, "commenters": [], "main_image": null, "title": "Should the federal government be required to maintain a balanced budget?", "summary": "Follow-up questions should focus on increasing the debt ceiling, general government spending, various taxing strategies.", "alias": "default", "created_when": "2012-03-05T11:33:34"}}, {"pk": 21, "model": "modernpolitics.content", "fields": {"hot_score": 0, "creator": 154, "downvotes": 0, "in_search": true, "rank": "9.45", "calculated_view": null, "active": true, "last_answered": null, "main_topic": 21, "scale": "P", "privacy": "PUB", "num_comments": 1, "location": null, "upvotes": 1, "type": "Q", "topics": [21], "posted_to": 171520, "status": 1, "content_privacy": "O", "shared_to": [], "in_feed": false, "unique_commenter_ids": "[10L]", "in_calc": true, "commenters": [], "main_image": null, "title": "Should the TSA be permitted to use whole-body Imaging as a primary method for screening airline passengers?", "summary": "Follow-up questions should focus on similar security practices like more specific uses of WBI, pat-downs and security presence at train stations.", "alias": "default", "created_when": "2012-03-05T11:47:59"}}, {"pk": 22, "model": "modernpolitics.content", "fields": {"hot_score": 0, "creator": 154, "downvotes": 0, "in_search": true, "rank": "9.03", "calculated_view": null, "active": true, "last_answered": null, "main_topic": 21, "scale": "P", "privacy": "PUB", "num_comments": 0, "location": null, "upvotes": 1, "type": "Q", "topics": [21], "posted_to": 171520, "status": 1, "content_privacy": "O", "shared_to": [], "in_feed": false, "unique_commenter_ids": "[]", "in_calc": true, "commenters": [], "main_image": null, "title": "Should the U.S. bar habeas corpus appeals and instead use military tribunals to try foreign detainees deemed to be unlawful enemy combatants?", "summary": "Follow-up questions should focus on use of criminal vs. civil vs. military courts, varying degrees of legal rights.", "alias": "default", "created_when": "2012-03-05T11:58:57"}}, {"pk": 23, "model": "modernpolitics.content", "fields": {"hot_score": 0, "creator": 154, "downvotes": 0, "in_search": true, "rank": "9.6", "calculated_view": null, "active": true, "last_answered": null, "main_topic": 3, "scale": "P", "privacy": "PUB", "num_comments": 1, "location": null, "upvotes": 1, "type": "Q", "topics": [3], "posted_to": 171520, "status": 1, "content_privacy": "O", "shared_to": [], "in_feed": false, "unique_commenter_ids": "[10L]", "in_calc": true, "commenters": [], "main_image": null, "title": "Should states be required to develop state-wide student assessments in order to receive federal funding?", "summary": "Follow-up questions should focus on different options for grant programs, the role of standardized tests.", "alias": "default", "created_when": "2012-03-05T12:07:28"}}, {"pk": 24, "model": "modernpolitics.content", "fields": {"hot_score": 0, "creator": 154, "downvotes": 0, "in_search": true, "rank": "4.5", "calculated_view": null, "active": true, "last_answered": null, "main_topic": 21, "scale": "P", "privacy": "PUB", "num_comments": 0, "location": null, "upvotes": 1, "type": "Q", "topics": [21], "posted_to": 171520, "status": 1, "content_privacy": "O", "shared_to": [], "in_feed": false, "unique_commenter_ids": "[]", "in_calc": true, "commenters": [], "main_image": null, "title": "Is the detention and interrogation of detainees at Guantanamo Bay essential to the defense of the U.S. and its allies?", "summary": "Follow-up questions should focus on why they would be transferred; either because fo their sentencing or the closing of the detention camp.", "alias": "default", "created_when": "2012-03-05T12:44:28"}}, {"pk": 25, "model": "modernpolitics.content", "fields": {"hot_score": 0, "creator": 154, "downvotes": 0, "in_search": true, "rank": "6.87", "calculated_view": null, "active": true, "last_answered": null, "main_topic": 1, "scale": "P", "privacy": "PUB", "num_comments": 0, "location": null, "upvotes": 1, "type": "Q", "topics": [1], "posted_to": 171520, "status": 1, "content_privacy": "O", "shared_to": [], "in_feed": false, "unique_commenter_ids": "[]", "in_calc": true, "commenters": [], "main_image": null, "title": "Should the government have recently raised its debt ceiling?", "summary": "Follow-up questions should concern spending trajectory.", "alias": "default", "created_when": "2012-03-07T17:11:02"}}, {"pk": 26, "model": "modernpolitics.content", "fields": {"hot_score": 0, "creator": 154, "downvotes": 0, "in_search": true, "rank": "9.48", "calculated_view": -1, "active": true, "last_answered": null, "main_topic": 8, "scale": "A", "privacy": "PUB", "num_comments": 0, "location": null, "upvotes": 1, "type": "Q", "topics": [8], "posted_to": 171520, "status": 1, "content_privacy": "O", "shared_to": [], "in_feed": false, "unique_commenter_ids": "[]", "in_calc": true, "commenters": [], "main_image": null, "title": "Should advocacy organizations be required to release the identities of their donors?", "summary": "", "alias": "default", "created_when": "2012-03-07T17:17:46"}}, {"pk": 28, "model": "modernpolitics.content", "fields": {"hot_score": 0, "creator": 154, "downvotes": 0, "in_search": true, "rank": "8.5", "calculated_view": null, "active": true, "last_answered": null, "main_topic": 3, "scale": "P", "privacy": "PUB", "num_comments": 0, "location": null, "upvotes": 1, "type": "Q", "topics": [3], "posted_to": 171520, "status": 1, "content_privacy": "O", "shared_to": [], "in_feed": false, "unique_commenter_ids": "[]", "in_calc": true, "commenters": [], "main_image": null, "title": "Should the federal government increase the amount of financial aid it gives to college students?", "summary": "Follow-up questions should focus on specific criteria for financial aid, the role of community college.", "alias": "default", "created_when": "2012-03-07T21:51:05"}}, {"pk": 29, "model": "modernpolitics.content", "fields": {"hot_score": 0, "creator": 154, "downvotes": 0, "in_search": true, "rank": "6.5", "calculated_view": null, "active": true, "last_answered": null, "main_topic": 1, "scale": "P", "privacy": "PUB", "num_comments": 1, "location": null, "upvotes": 1, "type": "Q", "topics": [1], "posted_to": 171520, "status": 1, "content_privacy": "O", "shared_to": [], "in_feed": false, "unique_commenter_ids": "[138L]", "in_calc": true, "commenters": [], "main_image": null, "title": "Should local governments have the authority to seize private property for the stated purpose of economic development?", "summary": "Any other legislation related to eminent domain.", "alias": "default", "created_when": "2012-03-07T22:01:36"}}, {"pk": 30, "model": "modernpolitics.content", "fields": {"hot_score": 0, "creator": 154, "downvotes": 0, "in_search": true, "rank": "9.18", "calculated_view": null, "active": true, "last_answered": null, "main_topic": 10, "scale": "P", "privacy": "PUB", "num_comments": 3, "location": null, "upvotes": 1, "type": "Q", "topics": [10], "posted_to": 171520, "status": 1, "content_privacy": "O", "shared_to": [], "in_feed": false, "unique_commenter_ids": "[154L, 2586L]", "in_calc": true, "commenters": [], "main_image": null, "title": "Should the government reduce funding for its conservation projects?", "summary": "Follow-up questions should focus on specific conservation projects and methods, land acquisition, opening lands up for mining/drilling.", "alias": "default", "created_when": "2012-03-07T22:12:57"}}, {"pk": 31, "model": "modernpolitics.content", "fields": {"hot_score": 0, "creator": 154, "downvotes": 0, "in_search": true, "rank": "7.65", "calculated_view": null, "active": true, "last_answered": null, "main_topic": 1, "scale": "P", "privacy": "PUB", "num_comments": 1, "location": null, "upvotes": 1, "type": "Q", "topics": [1], "posted_to": 171520, "status": 1, "content_privacy": "O", "shared_to": [], "in_feed": false, "unique_commenter_ids": "[7L]", "in_calc": true, "commenters": [], "main_image": null, "title": "When implementing environmental regulations, should the economic cost to the polluting industries be taken into account?", "summary": "", "alias": "default", "created_when": "2012-03-07T22:29:57"}}, {"pk": 32, "model": "modernpolitics.content", "fields": {"hot_score": 0, "creator": 154, "downvotes": 0, "in_search": true, "rank": "9.73", "calculated_view": null, "active": true, "last_answered": null, "main_topic": 10, "scale": "P", "privacy": "PUB", "num_comments": 0, "location": null, "upvotes": 1, "type": "Q", "topics": [10], "posted_to": 171520, "status": 1, "content_privacy": "O", "shared_to": [], "in_feed": false, "unique_commenter_ids": "[]", "in_calc": true, "commenters": [], "main_image": null, "title": "Should the EPA have the power to regulate carbon emissions from power plants and refineries?", "summary": "Follow-up questions should focus on various ways of regulating.", "alias": "default", "created_when": "2012-03-08T09:12:24"}}, {"pk": 33, "model": "modernpolitics.content", "fields": {"hot_score": 0, "creator": 154, "downvotes": 0, "in_search": true, "rank": "8", "calculated_view": null, "active": true, "last_answered": null, "main_topic": 21, "scale": "P", "privacy": "PUB", "num_comments": 0, "location": null, "upvotes": 1, "type": "Q", "topics": [21], "posted_to": 171520, "status": 1, "content_privacy": "O", "shared_to": [], "in_feed": false, "unique_commenter_ids": "[]", "in_calc": true, "commenters": [], "main_image": null, "title": "Were you supportive of the invasion of Iraq in 2003?", "summary": "Follow-up questions should focus on withdrawals, various policies of occupation through the decade.", "alias": "default", "created_when": "2012-03-08T09:20:07"}}, {"pk": 34, "model": "modernpolitics.content", "fields": {"hot_score": 0, "creator": 154, "downvotes": 0, "in_search": true, "rank": "9", "calculated_view": null, "active": true, "last_answered": null, "main_topic": 21, "scale": "P", "privacy": "PUB", "num_comments": 0, "location": null, "upvotes": 1, "type": "Q", "topics": [21], "posted_to": 171520, "status": 1, "content_privacy": "O", "shared_to": [], "in_feed": false, "unique_commenter_ids": "[]", "in_calc": true, "commenters": [], "main_image": null, "title": "Should the U.S. continue development of defense systems to intercept missiles?", "summary": "", "alias": "default", "created_when": "2012-03-08T09:30:11"}}, {"pk": 35, "model": "modernpolitics.content", "fields": {"hot_score": 0, "creator": 154, "downvotes": 0, "in_search": true, "rank": "9.5", "calculated_view": null, "active": true, "last_answered": null, "main_topic": 8, "scale": "P", "privacy": "PUB", "num_comments": 0, "location": null, "upvotes": 1, "type": "Q", "topics": [8], "posted_to": 171520, "status": 1, "content_privacy": "O", "shared_to": [], "in_feed": false, "unique_commenter_ids": "[]", "in_calc": true, "commenters": [], "main_image": null, "title": "Should marriage in the United States be explicitly defined as the union of a man and a woman?", "summary": "", "alias": "default", "created_when": "2012-03-08T09:48:04"}}, {"pk": 36, "model": "modernpolitics.content", "fields": {"hot_score": 0, "creator": 154, "downvotes": 0, "in_search": true, "rank": "9.5", "calculated_view": null, "active": true, "last_answered": null, "main_topic": 8, "scale": "P", "privacy": "PUB", "num_comments": 0, "location": null, "upvotes": 1, "type": "Q", "topics": [8], "posted_to": 171520, "status": 1, "content_privacy": "O", "shared_to": [], "in_feed": false, "unique_commenter_ids": "[]", "in_calc": true, "commenters": [], "main_image": null, "title": "Should skill level and potential contribution to society be the basis for granting immigrants  permanent U.S. residency? ", "summary": "", "alias": "default", "created_when": "2012-03-08T10:00:13"}}, {"pk": 37, "model": "modernpolitics.content", "fields": {"hot_score": 0, "creator": 154, "downvotes": 0, "in_search": true, "rank": "8.3", "calculated_view": null, "active": true, "last_answered": null, "main_topic": 1, "scale": "P", "privacy": "PUB", "num_comments": 2, "location": null, "upvotes": 1, "type": "Q", "topics": [1], "posted_to": 171520, "status": 1, "content_privacy": "O", "shared_to": [], "in_feed": false, "unique_commenter_ids": "[149L]", "in_calc": true, "commenters": [], "main_image": null, "title": "Should the minimum wage be increased?", "summary": "", "alias": "default", "created_when": "2012-03-08T10:05:45"}}, {"pk": 38, "model": "modernpolitics.content", "fields": {"hot_score": 0, "creator": 154, "downvotes": 0, "in_search": true, "rank": "0", "calculated_view": null, "active": true, "last_answered": null, "main_topic": 12, "scale": "P", "privacy": "PUB", "num_comments": 0, "location": null, "upvotes": 1, "type": "Q", "topics": [12], "posted_to": 171520, "status": 1, "content_privacy": "O", "shared_to": [], "in_feed": false, "unique_commenter_ids": "[]", "in_calc": true, "commenters": [], "main_image": null, "title": "Should the U.S. expand offshore drilling?", "summary": "Follow-up questions should focus on drilling regulations, locations for drilling, states and localities allowing drilling.", "alias": "default", "created_when": "2012-03-08T10:24:26"}}, {"pk": 39, "model": "modernpolitics.content", "fields": {"hot_score": 0, "creator": 154, "downvotes": 0, "in_search": true, "rank": "6", "calculated_view": null, "active": true, "last_answered": null, "main_topic": 21, "scale": "P", "privacy": "PUB", "num_comments": 0, "location": null, "upvotes": 1, "type": "Q", "topics": [21], "posted_to": 171520, "status": 1, "content_privacy": "O", "shared_to": [], "in_feed": false, "unique_commenter_ids": "[]", "in_calc": true, "commenters": [], "main_image": null, "title": "Should law enforcement officers be allowed to search a home or business without the owner\u2019s or the occupant\u2019s permission or knowledge?", "summary": "Related questions should focus on wire-tapping, searches without a court order.", "alias": "default", "created_when": "2012-03-08T10:35:24"}}, {"pk": 40, "model": "modernpolitics.content", "fields": {"hot_score": 0, "creator": 154, "downvotes": 0, "in_search": true, "rank": "9.25", "calculated_view": null, "active": true, "last_answered": null, "main_topic": 3, "scale": "P", "privacy": "PUB", "num_comments": 0, "location": null, "upvotes": 1, "type": "Q", "topics": [3], "posted_to": 171520, "status": 1, "content_privacy": "O", "shared_to": [], "in_feed": false, "unique_commenter_ids": "[]", "in_calc": true, "commenters": [], "main_image": null, "title": "Should sex education programs advocate for use of contraceptives as opposed to abstinence?", "summary": "Related questions concerning sexual education.", "alias": "default", "created_when": "2012-03-08T10:44:50"}}, {"pk": 41, "model": "modernpolitics.content", "fields": {"hot_score": 0, "creator": 154, "downvotes": 0, "in_search": true, "rank": "7.34", "calculated_view": null, "active": true, "last_answered": null, "main_topic": 1, "scale": "P", "privacy": "PUB", "num_comments": 3, "location": null, "upvotes": 1, "type": "Q", "topics": [1], "posted_to": 171520, "status": 1, "content_privacy": "O", "shared_to": [], "in_feed": false, "unique_commenter_ids": "[154L, 7L]", "in_calc": true, "commenters": [], "main_image": null, "title": "Should the government be required to fully disclose all entities and organizations that have received federal funding?", "summary": "Follow-up questions should focus on specific entities that should disclose their funding.", "alias": "default", "created_when": "2012-03-08T10:57:19"}}, {"pk": 42, "model": "modernpolitics.content", "fields": {"hot_score": 0, "creator": 154, "downvotes": 0, "in_search": true, "rank": "5.45", "calculated_view": null, "active": true, "last_answered": null, "main_topic": 10, "scale": "P", "privacy": "PUB", "num_comments": 0, "location": null, "upvotes": 1, "type": "Q", "topics": [10], "posted_to": 171520, "status": 1, "content_privacy": "O", "shared_to": [], "in_feed": false, "unique_commenter_ids": "[]", "in_calc": true, "commenters": [], "main_image": null, "title": "Should companies involved in offshore drilling be required to equip their vessels with pollution control technology?", "summary": "Other questions should focus on various safety standards.", "alias": "default", "created_when": "2012-03-09T17:43:01"}}, {"pk": 43, "model": "modernpolitics.content", "fields": {"hot_score": 0, "creator": 154, "downvotes": 0, "in_search": true, "rank": "6.32", "calculated_view": null, "active": true, "last_answered": null, "main_topic": 12, "scale": "P", "privacy": "PUB", "num_comments": 0, "location": null, "upvotes": 1, "type": "Q", "topics": [12], "posted_to": 171520, "status": 1, "content_privacy": "O", "shared_to": [], "in_feed": false, "unique_commenter_ids": "[]", "in_calc": true, "commenters": [], "main_image": null, "title": "Should states have the authority to decide whether or not offshore drilling takes place in their waters?", "summary": "", "alias": "default", "created_when": "2012-03-09T17:52:59"}}, {"pk": 45, "model": "modernpolitics.content", "fields": {"hot_score": 0, "creator": 154, "downvotes": 0, "in_search": true, "rank": "7.5", "calculated_view": null, "active": true, "last_answered": null, "main_topic": 3, "scale": "P", "privacy": "PUB", "num_comments": 0, "location": null, "upvotes": 1, "type": "Q", "topics": [3], "posted_to": 171520, "status": 1, "content_privacy": "O", "shared_to": [], "in_feed": false, "unique_commenter_ids": "[]", "in_calc": true, "commenters": [], "main_image": null, "title": "Should religious schools be eligible for federal funding?", "summary": "", "alias": "default", "created_when": "2012-03-10T09:36:38"}}, {"pk": 46, "model": "modernpolitics.content", "fields": {"hot_score": 0, "creator": 154, "downvotes": 0, "in_search": true, "rank": "8.4", "calculated_view": null, "active": true, "last_answered": null, "main_topic": 12, "scale": "P", "privacy": "PUB", "num_comments": 0, "location": null, "upvotes": 1, "type": "Q", "topics": [12], "posted_to": 171520, "status": 1, "content_privacy": "O", "shared_to": [], "in_feed": false, "unique_commenter_ids": "[]", "in_calc": true, "commenters": [], "main_image": null, "title": "Should the government invest in research and development of more energy efficient technologies for our automobiles?", "summary": "Other questions should focus on emissions and efficiency regulations for automobiles.", "alias": "default", "created_when": "2012-03-10T09:51:58"}}, {"pk": 47, "model": "modernpolitics.content", "fields": {"hot_score": 0, "creator": 154, "downvotes": 0, "in_search": true, "rank": "9.1", "calculated_view": null, "active": true, "last_answered": null, "main_topic": 12, "scale": "P", "privacy": "PUB", "num_comments": 0, "location": null, "upvotes": 1, "type": "Q", "topics": [12], "posted_to": 171520, "status": 1, "content_privacy": "O", "shared_to": [], "in_feed": false, "unique_commenter_ids": "[]", "in_calc": true, "commenters": [], "main_image": null, "title": "Should the U.S. increase its use of nuclear power?", "summary": "Other questions should focus on various funding for nuclear power, sharing and selling nuclear technology with other countries..", "alias": "default", "created_when": "2012-03-10T10:12:21"}}, {"pk": 48, "model": "modernpolitics.content", "fields": {"hot_score": 0, "creator": 154, "downvotes": 0, "in_search": true, "rank": "9.35", "calculated_view": null, "active": true, "last_answered": null, "main_topic": 10, "scale": "P", "privacy": "PUB", "num_comments": 0, "location": null, "upvotes": 1, "type": "Q", "topics": [12], "posted_to": 171520, "status": 1, "content_privacy": "O", "shared_to": [], "in_feed": false, "unique_commenter_ids": "[]", "in_calc": true, "commenters": [], "main_image": null, "title": "Should the government provide loan gaurantees and tax breaks for technologies that reduce greenhouse gas emissions?", "summary": "Follow-up questions should focus on specific renewable energy initiatives.", "alias": "default", "created_when": "2012-03-10T10:25:48"}}, {"pk": 1940, "model": "modernpolitics.content", "fields": {"hot_score": 0, "creator": 154, "downvotes": 0, "in_search": true, "rank": "7.8", "calculated_view": null, "active": false, "last_answered": null, "main_topic": 11, "scale": "P", "privacy": "PUB", "num_comments": 2, "location": null, "upvotes": 1, "type": "Q", "topics": [11], "posted_to": 171520, "status": 1, "content_privacy": "O", "shared_to": [], "in_feed": false, "unique_commenter_ids": "[102L, 95L]", "in_calc": true, "commenters": [], "main_image": null, "title": "Should Medicaid be expanded in order to cover more uninsured Americans?", "summary": "", "alias": "default", "created_when": "2012-04-02T08:42:37"}}, {"pk": 1941, "model": "modernpolitics.content", "fields": {"hot_score": 0, "creator": 154, "downvotes": 0, "in_search": true, "rank": "0", "calculated_view": null, "active": false, "last_answered": null, "main_topic": 11, "scale": "P", "privacy": "PUB", "num_comments": 0, "location": null, "upvotes": 1, "type": "Q", "topics": [11], "posted_to": 171520, "status": 1, "content_privacy": "O", "shared_to": [], "in_feed": false, "unique_commenter_ids": "[]", "in_calc": true, "commenters": [], "main_image": null, "title": "Should the U.S. have a national, government-run health care system similar to those in Europe and Canada?", "summary": "", "alias": "default", "created_when": "2012-04-02T09:14:26"}}, {"pk": 1942, "model": "modernpolitics.content", "fields": {"hot_score": 0, "creator": 154, "downvotes": 0, "in_search": true, "rank": "9.85", "calculated_view": -1, "active": true, "last_answered": null, "main_topic": 11, "scale": "A", "privacy": "PUB", "num_comments": 0, "location": null, "upvotes": 1, "type": "Q", "topics": [11], "posted_to": 171520, "status": 1, "content_privacy": "O", "shared_to": [], "in_feed": false, "unique_commenter_ids": "[]", "in_calc": true, "commenters": [], "main_image": null, "title": "Should all U.S. citizens be required to have health insurance?", "summary": "", "alias": "default", "created_when": "2012-04-02T09:30:35"}}, {"pk": 4165, "model": "modernpolitics.content", "fields": {"hot_score": 0, "creator": 154, "downvotes": 0, "in_search": true, "rank": "7.9", "calculated_view": null, "active": true, "last_answered": null, "main_topic": 8, "scale": "P", "privacy": "PUB", "num_comments": 0, "location": null, "upvotes": 1, "type": "Q", "topics": [8], "posted_to": 171520, "status": 1, "content_privacy": "O", "shared_to": [], "in_feed": false, "unique_commenter_ids": "[]", "in_calc": true, "commenters": [], "main_image": null, "title": "Should openly gay individuals serve in the military?", "summary": "", "alias": "default", "created_when": "2012-05-08T14:11:35"}}, {"pk": 4174, "model": "modernpolitics.content", "fields": {"hot_score": 0, "creator": 154, "downvotes": 0, "in_search": true, "rank": "8.6", "calculated_view": null, "active": true, "last_answered": null, "main_topic": 12, "scale": "P", "privacy": "PUB", "num_comments": 1, "location": null, "upvotes": 1, "type": "Q", "topics": [10], "posted_to": 171520, "status": 1, "content_privacy": "O", "shared_to": [], "in_feed": false, "unique_commenter_ids": "[2586L]", "in_calc": true, "commenters": [], "main_image": null, "title": "Should the U.S. government aid homeowners in financing energy efficiency renovations?", "summary": "", "alias": "default", "created_when": "2012-05-11T12:28:22"}}, {"pk": 4176, "model": "modernpolitics.content", "fields": {"hot_score": 0, "creator": 154, "downvotes": 0, "in_search": true, "rank": "8.2", "calculated_view": null, "active": true, "last_answered": null, "main_topic": 10, "scale": "P", "privacy": "PUB", "num_comments": 0, "location": null, "upvotes": 1, "type": "Q", "topics": [10], "posted_to": 171520, "status": 1, "content_privacy": "O", "shared_to": [], "in_feed": false, "unique_commenter_ids": "[]", "in_calc": true, "commenters": [], "main_image": null, "title": "Should the government be funding environmental education programs for students and the public?", "summary": "", "alias": "default", "created_when": "2012-05-11T13:58:49"}}, {"pk": 170837, "model": "modernpolitics.content", "fields": {"hot_score": 0, "creator": 11, "downvotes": 0, "in_search": true, "rank": "2.2", "calculated_view": null, "active": true, "last_answered": null, "main_topic": 12, "scale": "P", "privacy": "PUB", "num_comments": 0, "location": null, "upvotes": 1, "type": "Q", "topics": [12], "posted_to": 171520, "status": 1, "content_privacy": "O", "shared_to": [], "in_feed": false, "unique_commenter_ids": "[]", "in_calc": true, "commenters": [], "main_image": null, "title": "Should the U.S. expand oil shale mining operations?", "summary": "", "alias": "default", "created_when": "2012-07-06T16:24:04"}}, {"pk": 170838, "model": "modernpolitics.content", "fields": {"hot_score": 0, "creator": 11, "downvotes": 0, "in_search": true, "rank": "6.78", "calculated_view": null, "active": true, "last_answered": null, "main_topic": 3, "scale": "P", "privacy": "PUB", "num_comments": 0, "location": null, "upvotes": 1, "type": "Q", "topics": [3], "posted_to": 171520, "status": 1, "content_privacy": "O", "shared_to": [], "in_feed": false, "unique_commenter_ids": "[]", "in_calc": true, "commenters": [], "main_image": null, "title": "Should the federal government be promoting the development of more charter schools in the U.S.?", "summary": "", "alias": "default", "created_when": "2012-07-06T16:26:10"}}, {"pk": 170842, "model": "modernpolitics.content", "fields": {"hot_score": 0, "creator": 11, "downvotes": 0, "in_search": true, "rank": "7.42", "calculated_view": null, "active": true, "last_answered": null, "main_topic": 12, "scale": "P", "privacy": "PUB", "num_comments": 0, "location": null, "upvotes": 1, "type": "Q", "topics": [12], "posted_to": 171520, "status": 1, "content_privacy": "O", "shared_to": [], "in_feed": false, "unique_commenter_ids": "[]", "in_calc": true, "commenters": [], "main_image": null, "title": "Should the U.S. use a cap and trade system in order to reduce greenhouse gas emissions?", "summary": "", "alias": "default", "created_when": "2012-07-06T16:28:51"}}, {"pk": 170846, "model": "modernpolitics.content", "fields": {"hot_score": 0, "creator": 11, "downvotes": 0, "in_search": true, "rank": "7.85", "calculated_view": null, "active": true, "last_answered": null, "main_topic": 11, "scale": "P", "privacy": "PUB", "num_comments": 0, "location": null, "upvotes": 1, "type": "Q", "topics": [11], "posted_to": 171520, "status": 1, "content_privacy": "O", "shared_to": [], "in_feed": false, "unique_commenter_ids": "[]", "in_calc": true, "commenters": [], "main_image": null, "title": "Should health insurance companies that issue long term plans be required to address disputed claims through a third-party review process?", "summary": "", "alias": "default", "created_when": "2012-07-06T16:31:00"}}, {"pk": 170853, "model": "modernpolitics.content", "fields": {"hot_score": 0, "creator": 11, "downvotes": 0, "in_search": true, "rank": "6.2", "calculated_view": null, "active": true, "last_answered": null, "main_topic": 11, "scale": "P", "privacy": "PUB", "num_comments": 0, "location": null, "upvotes": 1, "type": "Q", "topics": [11], "posted_to": 171520, "status": 1, "content_privacy": "O", "shared_to": [], "in_feed": false, "unique_commenter_ids": "[]", "in_calc": true, "commenters": [], "main_image": null, "title": "Should employers be required to take responsibility for a greater percentage of employees' health insurance expenses?", "summary": "", "alias": "default", "created_when": "2012-07-06T16:33:45"}}, {"pk": 171282, "model": "modernpolitics.content", "fields": {"hot_score": 0, "creator": 11, "downvotes": 0, "in_search": true, "rank": "7.92", "calculated_view": null, "active": true, "last_answered": null, "main_topic": 11, "scale": "P", "privacy": "PUB", "num_comments": 0, "location": null, "upvotes": 1, "type": "Q", "topics": [11], "posted_to": 171520, "status": 1, "content_privacy": "O", "shared_to": [], "in_feed": false, "unique_commenter_ids": "[]", "in_calc": true, "commenters": [], "main_image": null, "title": "Should the Food and Drug Administration have a less thorough review process for prescriptions drugs in order to increase availablility to patients?", "summary": "", "alias": "default", "created_when": "2012-07-06T16:45:45"}}, {"pk": 171295, "model": "modernpolitics.content", "fields": {"hot_score": 0, "creator": 11, "downvotes": 0, "in_search": true, "rank": "6.45", "calculated_view": null, "active": true, "last_answered": null, "main_topic": 11, "scale": "P", "privacy": "PUB", "num_comments": 0, "location": null, "upvotes": 1, "type": "Q", "topics": [11], "posted_to": 171520, "status": 1, "content_privacy": "O", "shared_to": [], "in_feed": false, "unique_commenter_ids": "[]", "in_calc": true, "commenters": [], "main_image": null, "title": "Should makers of generic drugs be required to pay fees similar to those paid by brand-name manufacturers to have their drugs reviewed by the FDA?", "summary": "", "alias": "default", "created_when": "2012-07-06T16:49:15"}}, {"pk": 171412, "model": "modernpolitics.content", "fields": {"hot_score": 0, "creator": 7, "downvotes": 0, "in_search": true, "rank": "4.1", "calculated_view": null, "active": true, "last_answered": null, "main_topic": 10, "scale": "P", "privacy": "PUB", "num_comments": 0, "location": null, "upvotes": 1, "type": "Q", "topics": [10], "posted_to": 171520, "status": 1, "content_privacy": "O", "shared_to": [], "in_feed": false, "unique_commenter_ids": "[]", "in_calc": true, "commenters": [], "main_image": null, "title": "Should states be able to set their own water quality standards separate from those of the federal government?", "summary": "", "alias": "default", "created_when": "2012-07-06T16:52:41"}}, {"pk": 171480, "model": "modernpolitics.content", "fields": {"hot_score": 0, "creator": 11, "downvotes": 0, "in_search": true, "rank": "3.8", "calculated_view": null, "active": true, "last_answered": null, "main_topic": 11, "scale": "P", "privacy": "PUB", "num_comments": 0, "location": null, "upvotes": 1, "type": "Q", "topics": [11], "posted_to": 171520, "status": 1, "content_privacy": "O", "shared_to": [], "in_feed": false, "unique_commenter_ids": "[]", "in_calc": true, "commenters": [], "main_image": null, "title": "Should a certain percentage of HIV/AIDS prevention funding be allocated only to programs that promote abstinence?", "summary": "", "alias": "default", "created_when": "2012-07-06T16:55:14"}}, {"pk": 171481, "model": "modernpolitics.content", "fields": {"hot_score": 0, "creator": 1, "downvotes": 0, "in_search": false, "rank": "0", "calculated_view": null, "active": true, "last_answered": "2012-09-01T11:24:49.068", "main_topic": 24, "scale": "A", "privacy": "PUB", "num_comments": 0, "location": null, "upvotes": 1, "type": "I", "topics": [], "posted_to": 171520, "status": 1, "content_privacy": "O", "shared_to": [], "in_feed": false, "unique_commenter_ids": "[]", "in_calc": false, "commenters": [], "main_image": 171481, "title": "Default Image", "summary": "default.", "alias": "Default_Image", "created_when": "2012-09-01T11:24:49.068"}}, {"pk": 171482, "model": "modernpolitics.content", "fields": {"hot_score": 0, "creator": 1, "downvotes": 0, "in_search": false, "rank": "0", "calculated_view": null, "active": true, "last_answered": "2012-09-01T11:24:49.274", "main_topic": 24, "scale": "A", "privacy": "PUB", "num_comments": 0, "location": null, "upvotes": 1, "type": "G", "topics": [], "posted_to": 171520, "status": 1, "content_privacy": "O", "shared_to": [], "in_feed": false, "unique_commenter_ids": "[]", "in_calc": false, "commenters": [], "main_image": null, "title": "People who Love Gov follows", "summary": "Group of people who Love Gov is following.", "alias": "people_who_love_gov_follows", "created_when": "2012-09-01T11:24:49.274"}}, {"pk": 171483, "model": "modernpolitics.content", "fields": {"hot_score": 0, "creator": 1, "downvotes": 0, "in_search": false, "rank": "0", "calculated_view": null, "active": true, "last_answered": "2012-09-01T11:24:49.398", "main_topic": 24, "scale": "A", "privacy": "PUB", "num_comments": 0, "location": null, "upvotes": 1, "type": "G", "topics": [], "posted_to": 171520, "status": 1, "content_privacy": "O", "shared_to": [], "in_feed": false, "unique_commenter_ids": "[]", "in_calc": false, "commenters": [], "main_image": null, "title": "People who follow Love Gov", "summary": "Group of people who are following Love Gov", "alias": "people_who_follow_love_gov", "created_when": "2012-09-01T11:24:49.397"}}, {"pk": 171484, "model": "modernpolitics.content", "fields": {"hot_score": 0, "creator": 1, "downvotes": 0, "in_search": false, "rank": "0", "calculated_view": null, "active": true, "last_answered": "2012-09-01T11:24:49.786", "main_topic": 24, "scale": "A", "privacy": "PUB", "num_comments": 0, "location": null, "upvotes": 1, "type": "G", "topics": [], "posted_to": 171520, "status": 1, "content_privacy": "O", "shared_to": [], "in_feed": false, "unique_commenter_ids": "[]", "in_calc": false, "commenters": [], "main_image": null, "title": "LoveGov Group", "summary": "We are lovegov.", "alias": "lovegov_group", "created_when": "2012-09-01T11:24:49.786"}}, {"pk": 171485, "model": "modernpolitics.content", "fields": {"hot_score": 0, "creator": 1, "downvotes": 0, "in_search": false, "rank": "0", "calculated_view": null, "active": true, "last_answered": "2012-09-01T11:24:50.574", "main_topic": 24, "scale": "A", "privacy": "PUB", "num_comments": 0, "location": null, "upvotes": 1, "type": "G", "topics": [], "posted_to": 171520, "status": 1, "content_privacy": "O", "shared_to": [], "in_feed": false, "unique_commenter_ids": "[]", "in_calc": false, "commenters": [], "main_image": null, "title": "Presidential Election", "summary": "who will be America's next president?", "alias": "presidential_election", "created_when": "2012-09-01T11:24:50.574"}}, {"pk": 171486, "model": "modernpolitics.content", "fields": {"hot_score": 0, "creator": 1, "downvotes": 0, "in_search": false, "rank": "0", "calculated_view": null, "active": true, "last_answered": "2012-09-01T11:24:53.166", "main_topic": 24, "scale": "A", "privacy": "PUB", "num_comments": 0, "location": null, "upvotes": 1, "type": "G", "topics": [], "posted_to": 171520, "status": 1, "content_privacy": "O", "shared_to": [], "in_feed": false, "unique_commenter_ids": "[]", "in_calc": false, "commenters": [], "main_image": null, "title": "Pirate Party", "summary": "", "alias": "pirate_party", "created_when": "2012-09-01T11:24:53.166"}}, {"pk": 171487, "model": "modernpolitics.content", "fields": {"hot_score": 0, "creator": 1, "downvotes": 0, "in_search": false, "rank": "0", "calculated_view": null, "active": true, "last_answered": "2012-09-01T11:24:53.334", "main_topic": 24, "scale": "A", "privacy": "PUB", "num_comments": 0, "location": null, "upvotes": 1, "type": "G", "topics": [], "posted_to": 171520, "status": 1, "content_privacy": "O", "shared_to": [], "in_feed": false, "unique_commenter_ids": "[]", "in_calc": false, "commenters": [], "main_image": null, "title": "Democrat Party", "summary": "", "alias": "democrat_party", "created_when": "2012-09-01T11:24:53.334"}}, {"pk": 171488, "model": "modernpolitics.content", "fields": {"hot_score": 0, "creator": 1, "downvotes": 0, "in_search": false, "rank": "0", "calculated_view": null, "active": true, "last_answered": "2012-09-01T11:24:53.897", "main_topic": 24, "scale": "A", "privacy": "PUB", "num_comments": 0, "location": null, "upvotes": 1, "type": "G", "topics": [], "posted_to": 171520, "status": 1, "content_privacy": "O", "shared_to": [], "in_feed": false, "unique_commenter_ids": "[]", "in_calc": false, "commenters": [], "main_image": null, "title": "Green Party", "summary": "", "alias": "green_party", "created_when": "2012-09-01T11:24:53.897"}}, {"pk": 171489, "model": "modernpolitics.content", "fields": {"hot_score": 0, "creator": 1, "downvotes": 0, "in_search": false, "rank": "0", "calculated_view": null, "active": true, "last_answered": "2012-09-01T11:24:55.590", "main_topic": 24, "scale": "A", "privacy": "PUB", "num_comments": 0, "location": null, "upvotes": 1, "type": "G", "topics": [], "posted_to": 171520, "status": 1, "content_privacy": "O", "shared_to": [], "in_feed": false, "unique_commenter_ids": "[]", "in_calc": false, "commenters": [], "main_image": null, "title": "Republican Party", "summary": "", "alias": "republican_party", "created_when": "2012-09-01T11:24:55.590"}}, {"pk": 171490, "model": "modernpolitics.content", "fields": {"hot_score": 0, "creator": 1, "downvotes": 0, "in_search": false, "rank": "0", "calculated_view": null, "active": true, "last_answered": "2012-09-01T11:24:55.758", "main_topic": 24, "scale": "A", "privacy": "PUB", "num_comments": 0, "location": null, "upvotes": 1, "type": "G", "topics": [], "posted_to": 171520, "status": 1, "content_privacy": "O", "shared_to": [], "in_feed": false, "unique_commenter_ids": "[]", "in_calc": false, "commenters": [], "main_image": null, "title": "Libertarian Party", "summary": "", "alias": "libertarian_party", "created_when": "2012-09-01T11:24:55.758"}}, {"pk": 171491, "model": "modernpolitics.content", "fields": {"hot_score": 0, "creator": 1, "downvotes": 0, "in_search": false, "rank": "0", "calculated_view": null, "active": true, "last_answered": "2012-09-01T11:24:55.995", "main_topic": 24, "scale": "A", "privacy": "PUB", "num_comments": 0, "location": null, "upvotes": 1, "type": "G", "topics": [], "posted_to": 171520, "status": 1, "content_privacy": "O", "shared_to": [], "in_feed": false, "unique_commenter_ids": "[]", "in_calc": false, "commenters": [], "main_image": null, "title": "Progressive Party", "summary": "", "alias": "progressive_party", "created_when": "2012-09-01T11:24:55.995"}}, {"pk": 171492, "model": "modernpolitics.content", "fields": {"hot_score": 0, "creator": 1, "downvotes": 0, "in_search": false, "rank": "0", "calculated_view": null, "active": true, "last_answered": "2012-09-01T11:24:57.254", "main_topic": 24, "scale": "A", "privacy": "PUB", "num_comments": 0, "location": null, "upvotes": 1, "type": "G", "topics": [], "posted_to": 171520, "status": 1, "content_privacy": "O", "shared_to": [], "in_feed": false, "unique_commenter_ids": "[]", "in_calc": false, "commenters": [], "main_image": null, "title": "Independent Party", "summary": "", "alias": "independent_party", "created_when": "2012-09-01T11:24:57.254"}}, {"pk": 171493, "model": "modernpolitics.content", "fields": {"hot_score": 0, "creator": 1, "downvotes": 0, "in_search": false, "rank": "0", "calculated_view": null, "active": true, "last_answered": "2012-09-01T11:24:58.126", "main_topic": 24, "scale": "A", "privacy": "PUB", "num_comments": 0, "location": null, "upvotes": 1, "type": "G", "topics": [], "posted_to": 171520, "status": 1, "content_privacy": "O", "shared_to": [], "in_feed": false, "unique_commenter_ids": "[]", "in_calc": false, "commenters": [], "main_image": null, "title": "Tea Party", "summary": "", "alias": "tea_party", "created_when": "2012-09-01T11:24:58.126"}}, {"pk": 171494, "model": "modernpolitics.content", "fields": {"hot_score": 0, "creator": 1, "downvotes": 0, "in_search": false, "rank": "0", "calculated_view": null, "active": true, "last_answered": "2012-09-01T11:24:58.432", "main_topic": 24, "scale": "A", "privacy": "PUB", "num_comments": 0, "location": null, "upvotes": 1, "type": "O", "topics": [], "posted_to": 171520, "status": 1, "content_privacy": "O", "shared_to": [], "in_feed": true, "unique_commenter_ids": "[]", "in_calc": false, "commenters": [], "main_image": null, "title": "LoveGov Match", "summary": null, "alias": "lovegov_worldview_poll", "created_when": "2012-09-01T11:24:58.432"}}, {"pk": 171495, "model": "modernpolitics.content", "fields": {"hot_score": 0, "creator": 1, "downvotes": 0, "in_search": false, "rank": "0", "calculated_view": null, "active": true, "last_answered": "2012-09-01T11:24:59.716", "main_topic": 24, "scale": "A", "privacy": "PUB", "num_comments": 0, "location": null, "upvotes": 1, "type": "G", "topics": [], "posted_to": 171520, "status": 1, "content_privacy": "O", "shared_to": [], "in_feed": false, "unique_commenter_ids": "[]", "in_calc": false, "commenters": [], "main_image": null, "title": "People who Anonymous  follows", "summary": "Group of people who Anonymous  is following.", "alias": "people_who_anonymous__follows", "created_when": "2012-09-01T11:24:59.715"}}, {"pk": 171496, "model": "modernpolitics.content", "fields": {"hot_score": 0, "creator": 1, "downvotes": 0, "in_search": false, "rank": "0", "calculated_view": null, "active": true, "last_answered": "2012-09-01T11:25:03.265", "main_topic": 24, "scale": "A", "privacy": "PUB", "num_comments": 0, "location": null, "upvotes": 1, "type": "G", "topics": [], "posted_to": 171520, "status": 1, "content_privacy": "O", "shared_to": [], "in_feed": false, "unique_commenter_ids": "[]", "in_calc": false, "commenters": [], "main_image": null, "title": "People who follow Anonymous ", "summary": "Group of people who are following Anonymous ", "alias": "people_who_follow_anonymous_", "created_when": "2012-09-01T11:25:03.264"}}, {"pk": 171497, "model": "modernpolitics.content", "fields": {"hot_score": 0, "creator": 1, "downvotes": 0, "in_search": false, "rank": "0", "calculated_view": null, "active": true, "last_answered": "2012-09-01T11:25:04.045", "main_topic": 24, "scale": "A", "privacy": "PUB", "num_comments": 0, "location": null, "upvotes": 1, "type": "G", "topics": [], "posted_to": 171520, "status": 1, "content_privacy": "O", "shared_to": [], "in_feed": false, "unique_commenter_ids": "[]", "in_calc": false, "commenters": [], "main_image": null, "title": "People who Joshcka Tryba follows", "summary": "Group of people who Joshcka Tryba is following.", "alias": "people_who_joshcka_tryba_follows", "created_when": "2012-09-01T11:25:04.045"}}, {"pk": 171498, "model": "modernpolitics.content", "fields": {"hot_score": 0, "creator": 1, "downvotes": 0, "in_search": false, "rank": "0", "calculated_view": null, "active": true, "last_answered": "2012-09-01T11:25:04.225", "main_topic": 24, "scale": "A", "privacy": "PUB", "num_comments": 0, "location": null, "upvotes": 1, "type": "G", "topics": [], "posted_to": 171520, "status": 1, "content_privacy": "O", "shared_to": [], "in_feed": false, "unique_commenter_ids": "[]", "in_calc": false, "commenters": [], "main_image": null, "title": "People who follow Joshcka Tryba", "summary": "Group of people who are following Joshcka Tryba", "alias": "people_who_follow_joshcka_tryba", "created_when": "2012-09-01T11:25:04.225"}}, {"pk": 171499, "model": "modernpolitics.content", "fields": {"hot_score": 0, "creator": 1, "downvotes": 0, "in_search": false, "rank": "0", "calculated_view": null, "active": true, "last_answered": "2012-09-01T11:25:05.036", "main_topic": 24, "scale": "A", "privacy": "PUB", "num_comments": 0, "location": null, "upvotes": 1, "type": "G", "topics": [], "posted_to": 171520, "status": 1, "content_privacy": "O", "shared_to": [], "in_feed": false, "unique_commenter_ids": "[]", "in_calc": false, "commenters": [], "main_image": null, "title": "People who Greg Greg follows", "summary": "Group of people who Greg Greg is following.", "alias": "people_who_greg_greg_follows", "created_when": "2012-09-01T11:25:05.036"}}, {"pk": 171500, "model": "modernpolitics.content", "fields": {"hot_score": 0, "creator": 1, "downvotes": 0, "in_search": false, "rank": "0", "calculated_view": null, "active": true, "last_answered": "2012-09-01T11:25:05.480", "main_topic": 24, "scale": "A", "privacy": "PUB", "num_comments": 0, "location": null, "upvotes": 1, "type": "G", "topics": [], "posted_to": 171520, "status": 1, "content_privacy": "O", "shared_to": [], "in_feed": false, "unique_commenter_ids": "[]", "in_calc": false, "commenters": [], "main_image": null, "title": "People who follow Greg Greg", "summary": "Group of people who are following Greg Greg", "alias": "people_who_follow_greg_greg", "created_when": "2012-09-01T11:25:05.480"}}, {"pk": 171501, "model": "modernpolitics.content", "fields": {"hot_score": 0, "creator": 1, "downvotes": 0, "in_search": false, "rank": "0", "calculated_view": null, "active": true, "last_answered": "2012-09-01T11:25:06.498", "main_topic": 24, "scale": "A", "privacy": "PUB", "num_comments": 0, "location": null, "upvotes": 1, "type": "G", "topics": [], "posted_to": 171520, "status": 1, "content_privacy": "O", "shared_to": [], "in_feed": false, "unique_commenter_ids": "[]", "in_calc": false, "commenters": [], "main_image": null, "title": "People who Randy Johnson follows", "summary": "Group of people who Randy Johnson is following.", "alias": "people_who_randy_johnson_follows", "created_when": "2012-09-01T11:25:06.498"}}, {"pk": 171502, "model": "modernpolitics.content", "fields": {"hot_score": 0, "creator": 1, "downvotes": 0, "in_search": false, "rank": "0", "calculated_view": null, "active": true, "last_answered": "2012-09-01T11:25:06.619", "main_topic": 24, "scale": "A", "privacy": "PUB", "num_comments": 0, "location": null, "upvotes": 1, "type": "G", "topics": [], "posted_to": 171520, "status": 1, "content_privacy": "O", "shared_to": [], "in_feed": false, "unique_commenter_ids": "[]", "in_calc": false, "commenters": [], "main_image": null, "title": "People who follow Randy Johnson", "summary": "Group of people who are following Randy Johnson", "alias": "people_who_follow_randy_johnson", "created_when": "2012-09-01T11:25:06.619"}}, {"pk": 171503, "model": "modernpolitics.content", "fields": {"hot_score": 0, "creator": 1, "downvotes": 0, "in_search": false, "rank": "0", "calculated_view": null, "active": true, "last_answered": "2012-09-01T11:25:07.192", "main_topic": 24, "scale": "A", "privacy": "PUB", "num_comments": 0, "location": null, "upvotes": 1, "type": "G", "topics": [], "posted_to": 171520, "status": 1, "content_privacy": "O", "shared_to": [], "in_feed": false, "unique_commenter_ids": "[]", "in_calc": false, "commenters": [], "main_image": null, "title": "People who Katy Perry follows", "summary": "Group of people who Katy Perry is following.", "alias": "people_who_katy_perry_follows", "created_when": "2012-09-01T11:25:07.192"}}, {"pk": 171504, "model": "modernpolitics.content", "fields": {"hot_score": 0, "creator": 1, "downvotes": 0, "in_search": false, "rank": "0", "calculated_view": null, "active": true, "last_answered": "2012-09-01T11:25:07.441", "main_topic": 24, "scale": "A", "privacy": "PUB", "num_comments": 0, "location": null, "upvotes": 1, "type": "G", "topics": [], "posted_to": 171520, "status": 1, "content_privacy": "O", "shared_to": [], "in_feed": false, "unique_commenter_ids": "[]", "in_calc": false, "commenters": [], "main_image": null, "title": "People who follow Katy Perry", "summary": "Group of people who are following Katy Perry", "alias": "people_who_follow_katy_perry", "created_when": "2012-09-01T11:25:07.441"}}, {"pk": 171505, "model": "modernpolitics.content", "fields": {"hot_score": 0, "creator": 1, "downvotes": 0, "in_search": false, "rank": "0", "calculated_view": null, "active": true, "last_answered": "2012-09-01T11:25:07.863", "main_topic": 24, "scale": "A", "privacy": "PUB", "num_comments": 0, "location": null, "upvotes": 1, "type": "G", "topics": [], "posted_to": 171520, "status": 1, "content_privacy": "O", "shared_to": [], "in_feed": false, "unique_commenter_ids": "[]", "in_calc": false, "commenters": [], "main_image": null, "title": "People who Joseph Stalin follows", "summary": "Group of people who Joseph Stalin is following.", "alias": "people_who_joseph_stalin_follows", "created_when": "2012-09-01T11:25:07.863"}}, {"pk": 171506, "model": "modernpolitics.content", "fields": {"hot_score": 0, "creator": 1, "downvotes": 0, "in_search": false, "rank": "0", "calculated_view": null, "active": true, "last_answered": "2012-09-01T11:25:07.962", "main_topic": 24, "scale": "A", "privacy": "PUB", "num_comments": 0, "location": null, "upvotes": 1, "type": "G", "topics": [], "posted_to": 171520, "status": 1, "content_privacy": "O", "shared_to": [], "in_feed": false, "unique_commenter_ids": "[]", "in_calc": false, "commenters": [], "main_image": null, "title": "People who follow Joseph Stalin", "summary": "Group of people who are following Joseph Stalin", "alias": "people_who_follow_joseph_stalin", "created_when": "2012-09-01T11:25:07.962"}}, {"pk": 171507, "model": "modernpolitics.content", "fields": {"hot_score": 0, "creator": 1, "downvotes": 0, "in_search": false, "rank": "0", "calculated_view": null, "active": true, "last_answered": "2012-09-01T11:25:08.617", "main_topic": 24, "scale": "A", "privacy": "PUB", "num_comments": 0, "location": null, "upvotes": 1, "type": "G", "topics": [], "posted_to": 171520, "status": 1, "content_privacy": "O", "shared_to": [], "in_feed": false, "unique_commenter_ids": "[]", "in_calc": false, "commenters": [], "main_image": null, "title": "People who Normal Bob follows", "summary": "Group of people who Normal Bob is following.", "alias": "people_who_normal_bob_follows", "created_when": "2012-09-01T11:25:08.617"}}, {"pk": 171508, "model": "modernpolitics.content", "fields": {"hot_score": 0, "creator": 1, "downvotes": 0, "in_search": false, "rank": "0", "calculated_view": null, "active": true, "last_answered": "2012-09-01T11:25:08.761", "main_topic": 24, "scale": "A", "privacy": "PUB", "num_comments": 0, "location": null, "upvotes": 1, "type": "G", "topics": [], "posted_to": 171520, "status": 1, "content_privacy": "O", "shared_to": [], "in_feed": false, "unique_commenter_ids": "[]", "in_calc": false, "commenters": [], "main_image": null, "title": "People who follow Normal Bob", "summary": "Group of people who are following Normal Bob", "alias": "people_who_follow_normal_bob", "created_when": "2012-09-01T11:25:08.761"}}, {"pk": 171509, "model": "modernpolitics.content", "fields": {"hot_score": 0, "creator": 1, "downvotes": 0, "in_search": false, "rank": "0", "calculated_view": null, "active": true, "last_answered": "2012-09-01T11:25:09.607", "main_topic": 24, "scale": "A", "privacy": "PUB", "num_comments": 0, "location": null, "upvotes": 1, "type": "G", "topics": [], "posted_to": 171520, "status": 1, "content_privacy": "O", "shared_to": [], "in_feed": false, "unique_commenter_ids": "[]", "in_calc": false, "commenters": [], "main_image": null, "title": "People who George Bush follows", "summary": "Group of people who George Bush is following.", "alias": "people_who_george_bush_follows", "created_when": "2012-09-01T11:25:09.607"}}, {"pk": 171510, "model": "modernpolitics.content", "fields": {"hot_score": 0, "creator": 1, "downvotes": 0, "in_search": false, "rank": "0", "calculated_view": null, "active": true, "last_answered": "2012-09-01T11:25:09.771", "main_topic": 24, "scale": "A", "privacy": "PUB", "num_comments": 0, "location": null, "upvotes": 1, "type": "G", "topics": [], "posted_to": 171520, "status": 1, "content_privacy": "O", "shared_to": [], "in_feed": false, "unique_commenter_ids": "[]", "in_calc": false, "commenters": [], "main_image": null, "title": "People who follow George Bush", "summary": "Group of people who are following George Bush", "alias": "people_who_follow_george_bush", "created_when": "2012-09-01T11:25:09.771"}}, {"pk": 171511, "model": "modernpolitics.content", "fields": {"hot_score": 0, "creator": 5, "downvotes": 0, "in_search": false, "rank": "0", "calculated_view": null, "active": true, "last_answered": "2012-09-01T11:25:10.136", "main_topic": 11, "scale": "A", "privacy": "PUB", "num_comments": 0, "location": null, "upvotes": 1, "type": "P", "topics": [11], "posted_to": 171520, "status": 1, "content_privacy": "O", "shared_to": [], "in_feed": true, "unique_commenter_ids": "[]", "in_calc": false, "commenters": [], "main_image": null, "title": "IMPEACH BUSH", "summary": "impeach bush summary", "alias": "default", "created_when": "2012-09-01T11:25:10.136"}}, {"pk": 171512, "model": "modernpolitics.content", "fields": {"hot_score": 0, "creator": 5, "downvotes": 0, "in_search": false, "rank": "0", "calculated_view": null, "active": true, "last_answered": "2012-09-01T11:25:10.143", "main_topic": 21, "scale": "A", "privacy": "PUB", "num_comments": 0, "location": null, "upvotes": 1, "type": "P", "topics": [21], "posted_to": 171520, "status": 1, "content_privacy": "O", "shared_to": [], "in_feed": true, "unique_commenter_ids": "[]", "in_calc": false, "commenters": [], "main_image": null, "title": "STOP PROP 9", "summary": "prop 9 summary", "alias": "default", "created_when": "2012-09-01T11:25:10.143"}}, {"pk": 171513, "model": "modernpolitics.content", "fields": {"hot_score": 0, "creator": 5, "downvotes": 0, "in_search": false, "rank": "0", "calculated_view": null, "active": true, "last_answered": "2012-09-01T11:25:10.150", "main_topic": 21, "scale": "A", "privacy": "PUB", "num_comments": 0, "location": null, "upvotes": 1, "type": "P", "topics": [21], "posted_to": 171520, "status": 1, "content_privacy": "O", "shared_to": [], "in_feed": true, "unique_commenter_ids": "[]", "in_calc": false, "commenters": [], "main_image": null, "title": "BAN GAY MARRIAGE", "summary": "gay marriage summary", "alias": "default", "created_when": "2012-09-01T11:25:10.150"}}, {"pk": 171514, "model": "modernpolitics.content", "fields": {"hot_score": 0, "creator": 5, "downvotes": 0, "in_search": false, "rank": "0", "calculated_view": null, "active": true, "last_answered": "2012-09-01T11:25:10.159", "main_topic": 24, "scale": "A", "privacy": "PUB", "num_comments": 0, "location": null, "upvotes": 1, "type": "P", "topics": [], "posted_to": 171520, "status": 1, "content_privacy": "O", "shared_to": [], "in_feed": true, "unique_commenter_ids": "[]", "in_calc": false, "commenters": [], "main_image": null, "title": "REPEAL H.R. 123", "summary": "REPEAL H.R. 123 summary", "alias": "default", "created_when": "2012-09-01T11:25:10.159"}}, {"pk": 171515, "model": "modernpolitics.content", "fields": {"hot_score": 0, "creator": null, "downvotes": 0, "in_search": false, "rank": "0", "calculated_view": null, "active": true, "last_answered": "2012-09-01T11:25:10.962", "main_topic": 11, "scale": "A", "privacy": "PUB", "num_comments": 0, "location": null, "upvotes": 0, "type": "N", "topics": [11], "posted_to": 171520, "status": 0, "content_privacy": "O", "shared_to": [], "in_feed": false, "unique_commenter_ids": "[]", "in_calc": false, "commenters": [], "main_image": null, "title": "Legislation to affect....", "summary": "Legislation to affect....summary", "alias": "default", "created_when": "2012-09-01T11:25:10.962"}}, {"pk": 171516, "model": "modernpolitics.content", "fields": {"hot_score": 0, "creator": null, "downvotes": 0, "in_search": false, "rank": "0", "calculated_view": null, "active": true, "last_answered": "2012-09-01T11:25:10.983", "main_topic": 21, "scale": "A", "privacy": "PUB", "num_comments": 0, "location": null, "upvotes": 0, "type": "N", "topics": [21], "posted_to": 171520, "status": 0, "content_privacy": "O", "shared_to": [], "in_feed": false, "unique_commenter_ids": "[]", "in_calc": false, "commenters": [], "main_image": null, "title": "LoveGov launches", "summary": "changed politics forever", "alias": "default", "created_when": "2012-09-01T11:25:10.983"}}, {"pk": 171517, "model": "modernpolitics.content", "fields": {"hot_score": 0, "creator": 1, "downvotes": 0, "in_search": false, "rank": "0", "calculated_view": null, "active": true, "last_answered": "2012-09-01T11:25:11.060", "main_topic": 24, "scale": "A", "privacy": "PUB", "num_comments": 0, "location": null, "upvotes": 1, "type": "G", "topics": [11], "posted_to": 171520, "status": 1, "content_privacy": "O", "shared_to": [], "in_feed": false, "unique_commenter_ids": "[]", "in_calc": false, "commenters": [], "main_image": null, "title": "SUPER GROUP", "summary": "group summary", "alias": "super_group", "created_when": "2012-09-01T11:25:11.060"}}, {"pk": 171518, "model": "modernpolitics.content", "fields": {"hot_score": 0, "creator": 1, "downvotes": 0, "in_search": false, "rank": "0", "calculated_view": null, "active": true, "last_answered": "2012-09-01T11:25:11.301", "main_topic": 24, "scale": "A", "privacy": "PUB", "num_comments": 0, "location": 1, "upvotes": 1, "type": "G", "topics": [], "posted_to": null, "status": 1, "content_privacy": "O", "shared_to": [], "in_feed": false, "unique_commenter_ids": "[]", "in_calc": false, "commenters": [], "main_image": null, "title": "Save The Whales", "summary": "This is a group about saving the whales. We feel very strongly about saving whales. Do you want to save whales? Because we do.Lorem ipsum dolor sit amet, consectetur adipiscing elit. Duis tempor nisl non magnaviverra pulvinar. Sed eu risus quis doloreuismod aliquet eu ac velit. Duis eu lobortis", "alias": "save_the_whales", "created_when": "2012-09-01T11:25:11.301"}}, {"pk": 171519, "model": "modernpolitics.content", "fields": {"hot_score": 0, "creator": 1, "downvotes": 0, "in_search": false, "rank": "0", "calculated_view": null, "active": true, "last_answered": "2012-09-01T11:25:11.772", "main_topic": 24, "scale": "A", "privacy": "PUB", "num_comments": 0, "location": null, "upvotes": 1, "type": "G", "topics": [], "posted_to": 171520, "status": 1, "content_privacy": "O", "shared_to": [], "in_feed": false, "unique_commenter_ids": "[]", "in_calc": false, "commenters": [], "main_image": null, "title": "I made a group, no I didn't", "summary": "", "alias": "i_made_a_group,_no_i_didn't", "created_when": "2012-09-01T11:25:11.772"}}, {"pk": 171520, "model": "modernpolitics.content", "fields": {"hot_score": 0, "creator": 1, "downvotes": 0, "in_search": false, "rank": "0", "calculated_view": null, "active": true, "last_answered": "2012-09-01T11:25:12.021", "main_topic": 24, "scale": "A", "privacy": "PUB", "num_comments": 0, "location": null, "upvotes": 1, "type": "G", "topics": [], "posted_to": 171520, "status": 1, "content_privacy": "O", "shared_to": [], "in_feed": false, "unique_commenter_ids": "[]", "in_calc": false, "commenters": [], "main_image": null, "title": "Woop woop Group", "summary": "", "alias": "woop_woop_group", "created_when": "2012-09-01T11:25:12.021"}}, {"pk": 171521, "model": "modernpolitics.content", "fields": {"hot_score": 0, "creator": 1, "downvotes": 0, "in_search": false, "rank": "0", "calculated_view": null, "active": true, "last_answered": "2012-09-01T11:25:12.217", "main_topic": 24, "scale": "A", "privacy": "PUB", "num_comments": 0, "location": null, "upvotes": 1, "type": "G", "topics": [], "posted_to": 171520, "status": 1, "content_privacy": "O", "shared_to": [], "in_feed": false, "unique_commenter_ids": "[]", "in_calc": false, "commenters": [], "main_image": null, "title": "woop woop Group", "summary": "", "alias": "woop_woop_group1", "created_when": "2012-09-01T11:25:12.217"}}, {"pk": 171522, "model": "modernpolitics.content", "fields": {"hot_score": 0, "creator": 6, "downvotes": 0, "in_search": false, "rank": "0", "calculated_view": null, "active": true, "last_answered": "2012-09-01T11:25:12.489", "main_topic": 8, "scale": "A", "privacy": "PUB", "num_comments": 0, "location": null, "upvotes": 1, "type": "R", "topics": [8], "posted_to": 171520, "status": 1, "content_privacy": "O", "shared_to": [], "in_feed": false, "unique_commenter_ids": "[]", "in_calc": false, "commenters": [], "main_image": null, "title": "", "summary": null, "alias": "default", "created_when": "2012-09-01T11:25:12.489"}}, {"pk": 171523, "model": "modernpolitics.content", "fields": {"hot_score": 0, "creator": 6, "downvotes": 0, "in_search": false, "rank": "0", "calculated_view": null, "active": true, "last_answered": "2012-09-01T11:25:12.968", "main_topic": 21, "scale": "A", "privacy": "PUB", "num_comments": 0, "location": null, "upvotes": 1, "type": "R", "topics": [21], "posted_to": 171520, "status": 1, "content_privacy": "O", "shared_to": [], "in_feed": false, "unique_commenter_ids": "[]", "in_calc": false, "commenters": [], "main_image": null, "title": "", "summary": null, "alias": "default", "created_when": "2012-09-01T11:25:12.968"}}, {"pk": 171524, "model": "modernpolitics.content", "fields": {"hot_score": 0, "creator": 6, "downvotes": 0, "in_search": false, "rank": "0", "calculated_view": null, "active": true, "last_answered": "2012-09-01T11:25:13.435", "main_topic": 8, "scale": "A", "privacy": "PUB", "num_comments": 0, "location": null, "upvotes": 1, "type": "R", "topics": [8], "posted_to": 171520, "status": 1, "content_privacy": "O", "shared_to": [], "in_feed": false, "unique_commenter_ids": "[]", "in_calc": false, "commenters": [], "main_image": null, "title": "", "summary": null, "alias": "default", "created_when": "2012-09-01T11:25:13.435"}}, {"pk": 171525, "model": "modernpolitics.content", "fields": {"hot_score": 0, "creator": 6, "downvotes": 0, "in_search": false, "rank": "0", "calculated_view": null, "active": true, "last_answered": "2012-09-01T11:25:13.802", "main_topic": 11, "scale": "A", "privacy": "PUB", "num_comments": 0, "location": null, "upvotes": 1, "type": "R", "topics": [11], "posted_to": 171520, "status": 1, "content_privacy": "O", "shared_to": [], "in_feed": false, "unique_commenter_ids": "[]", "in_calc": false, "commenters": [], "main_image": null, "title": "", "summary": null, "alias": "default", "created_when": "2012-09-01T11:25:13.802"}}, {"pk": 171526, "model": "modernpolitics.content", "fields": {"hot_score": 0, "creator": 6, "downvotes": 0, "in_search": false, "rank": "0", "calculated_view": null, "active": true, "last_answered": "2012-09-01T11:25:14.213", "main_topic": 10, "scale": "A", "privacy": "PUB", "num_comments": 0, "location": null, "upvotes": 1, "type": "R", "topics": [10], "posted_to": 171520, "status": 1, "content_privacy": "O", "shared_to": [], "in_feed": false, "unique_commenter_ids": "[]", "in_calc": false, "commenters": [], "main_image": null, "title": "", "summary": null, "alias": "default", "created_when": "2012-09-01T11:25:14.213"}}, {"pk": 171527, "model": "modernpolitics.content", "fields": {"hot_score": 0, "creator": 6, "downvotes": 0, "in_search": false, "rank": "0", "calculated_view": null, "active": true, "last_answered": "2012-09-01T11:25:14.564", "main_topic": 1, "scale": "A", "privacy": "PUB", "num_comments": 0, "location": null, "upvotes": 1, "type": "R", "topics": [1], "posted_to": 171520, "status": 1, "content_privacy": "O", "shared_to": [], "in_feed": false, "unique_commenter_ids": "[]", "in_calc": false, "commenters": [], "main_image": null, "title": "", "summary": null, "alias": "default", "created_when": "2012-09-01T11:25:14.564"}}, {"pk": 171528, "model": "modernpolitics.content", "fields": {"hot_score": 0, "creator": 6, "downvotes": 0, "in_search": false, "rank": "0", "calculated_view": null, "active": true, "last_answered": "2012-09-01T11:25:15.157", "main_topic": 21, "scale": "A", "privacy": "PUB", "num_comments": 0, "location": null, "upvotes": 1, "type": "R", "topics": [21], "posted_to": 171520, "status": 1, "content_privacy": "O", "shared_to": [], "in_feed": false, "unique_commenter_ids": "[]", "in_calc": false, "commenters": [], "main_image": null, "title": "", "summary": null, "alias": "default", "created_when": "2012-09-01T11:25:15.157"}}, {"pk": 171529, "model": "modernpolitics.content", "fields": {"hot_score": 0, "creator": 6, "downvotes": 0, "in_search": false, "rank": "0", "calculated_view": null, "active": true, "last_answered": "2012-09-01T11:25:16.532", "main_topic": 8, "scale": "A", "privacy": "PUB", "num_comments": 0, "location": null, "upvotes": 1, "type": "R", "topics": [8], "posted_to": 171520, "status": 1, "content_privacy": "O", "shared_to": [], "in_feed": false, "unique_commenter_ids": "[]", "in_calc": false, "commenters": [], "main_image": null, "title": "", "summary": null, "alias": "default", "created_when": "2012-09-01T11:25:16.532"}}, {"pk": 171530, "model": "modernpolitics.content", "fields": {"hot_score": 0, "creator": 6, "downvotes": 0, "in_search": false, "rank": "0", "calculated_view": null, "active": true, "last_answered": "2012-09-01T11:25:16.853", "main_topic": 21, "scale": "A", "privacy": "PUB", "num_comments": 0, "location": null, "upvotes": 1, "type": "R", "topics": [21], "posted_to": 171520, "status": 1, "content_privacy": "O", "shared_to": [], "in_feed": false, "unique_commenter_ids": "[]", "in_calc": false, "commenters": [], "main_image": null, "title": "", "summary": null, "alias": "default", "created_when": "2012-09-01T11:25:16.853"}}, {"pk": 171531, "model": "modernpolitics.content", "fields": {"hot_score": 0, "creator": 6, "downvotes": 0, "in_search": false, "rank": "0", "calculated_view": null, "active": true, "last_answered": "2012-09-01T11:25:17.223", "main_topic": 1, "scale": "A", "privacy": "PUB", "num_comments": 0, "location": null, "upvotes": 1, "type": "R", "topics": [1], "posted_to": 171520, "status": 1, "content_privacy": "O", "shared_to": [], "in_feed": false, "unique_commenter_ids": "[]", "in_calc": false, "commenters": [], "main_image": null, "title": "", "summary": null, "alias": "default", "created_when": "2012-09-01T11:25:17.223"}}, {"pk": 171532, "model": "modernpolitics.content", "fields": {"hot_score": 0, "creator": 6, "downvotes": 0, "in_search": false, "rank": "0", "calculated_view": null, "active": true, "last_answered": "2012-09-01T11:25:17.511", "main_topic": 3, "scale": "A", "privacy": "PUB", "num_comments": 0, "location": null, "upvotes": 1, "type": "R", "topics": [3], "posted_to": 171520, "status": 1, "content_privacy": "O", "shared_to": [], "in_feed": false, "unique_commenter_ids": "[]", "in_calc": false, "commenters": [], "main_image": null, "title": "", "summary": null, "alias": "default", "created_when": "2012-09-01T11:25:17.511"}}, {"pk": 171533, "model": "modernpolitics.content", "fields": {"hot_score": 0, "creator": 6, "downvotes": 0, "in_search": false, "rank": "0", "calculated_view": null, "active": true, "last_answered": "2012-09-01T11:25:17.900", "main_topic": 1, "scale": "A", "privacy": "PUB", "num_comments": 0, "location": null, "upvotes": 1, "type": "R", "topics": [1], "posted_to": 171520, "status": 1, "content_privacy": "O", "shared_to": [], "in_feed": false, "unique_commenter_ids": "[]", "in_calc": false, "commenters": [], "main_image": null, "title": "", "summary": null, "alias": "default", "created_when": "2012-09-01T11:25:17.900"}}, {"pk": 171534, "model": "modernpolitics.content", "fields": {"hot_score": 0, "creator": 6, "downvotes": 0, "in_search": false, "rank": "0", "calculated_view": null, "active": true, "last_answered": "2012-09-01T11:25:18.301", "main_topic": 21, "scale": "A", "privacy": "PUB", "num_comments": 0, "location": null, "upvotes": 1, "type": "R", "topics": [21], "posted_to": 171520, "status": 1, "content_privacy": "O", "shared_to": [], "in_feed": false, "unique_commenter_ids": "[]", "in_calc": false, "commenters": [], "main_image": null, "title": "", "summary": null, "alias": "default", "created_when": "2012-09-01T11:25:18.301"}}, {"pk": 171535, "model": "modernpolitics.content", "fields": {"hot_score": 0, "creator": 6, "downvotes": 0, "in_search": false, "rank": "0", "calculated_view": null, "active": true, "last_answered": "2012-09-01T11:25:18.632", "main_topic": 1, "scale": "A", "privacy": "PUB", "num_comments": 0, "location": null, "upvotes": 1, "type": "R", "topics": [1], "posted_to": 171520, "status": 1, "content_privacy": "O", "shared_to": [], "in_feed": false, "unique_commenter_ids": "[]", "in_calc": false, "commenters": [], "main_image": null, "title": "", "summary": null, "alias": "default", "created_when": "2012-09-01T11:25:18.632"}}, {"pk": 171536, "model": "modernpolitics.content", "fields": {"hot_score": 0, "creator": 6, "downvotes": 0, "in_search": false, "rank": "0", "calculated_view": null, "active": true, "last_answered": "2012-09-01T11:25:19.043", "main_topic": 21, "scale": "A", "privacy": "PUB", "num_comments": 0, "location": null, "upvotes": 1, "type": "R", "topics": [21], "posted_to": 171520, "status": 1, "content_privacy": "O", "shared_to": [], "in_feed": false, "unique_commenter_ids": "[]", "in_calc": false, "commenters": [], "main_image": null, "title": "", "summary": null, "alias": "default", "created_when": "2012-09-01T11:25:19.043"}}, {"pk": 171537, "model": "modernpolitics.content", "fields": {"hot_score": 0, "creator": 6, "downvotes": 0, "in_search": false, "rank": "0", "calculated_view": null, "active": true, "last_answered": "2012-09-01T11:25:19.409", "main_topic": 21, "scale": "A", "privacy": "PUB", "num_comments": 0, "location": null, "upvotes": 1, "type": "R", "topics": [21], "posted_to": 171520, "status": 1, "content_privacy": "O", "shared_to": [], "in_feed": false, "unique_commenter_ids": "[]", "in_calc": false, "commenters": [], "main_image": null, "title": "", "summary": null, "alias": "default", "created_when": "2012-09-01T11:25:19.409"}}, {"pk": 171538, "model": "modernpolitics.content", "fields": {"hot_score": 0, "creator": 6, "downvotes": 0, "in_search": false, "rank": "0", "calculated_view": null, "active": true, "last_answered": "2012-09-01T11:25:19.766", "main_topic": 3, "scale": "A", "privacy": "PUB", "num_comments": 0, "location": null, "upvotes": 1, "type": "R", "topics": [3], "posted_to": 171520, "status": 1, "content_privacy": "O", "shared_to": [], "in_feed": false, "unique_commenter_ids": "[]", "in_calc": false, "commenters": [], "main_image": null, "title": "", "summary": null, "alias": "default", "created_when": "2012-09-01T11:25:19.766"}}, {"pk": 171539, "model": "modernpolitics.content", "fields": {"hot_score": 0, "creator": 6, "downvotes": 0, "in_search": false, "rank": "0", "calculated_view": null, "active": true, "last_answered": "2012-09-01T11:25:20.120", "main_topic": 21, "scale": "A", "privacy": "PUB", "num_comments": 0, "location": null, "upvotes": 1, "type": "R", "topics": [21], "posted_to": 171520, "status": 1, "content_privacy": "O", "shared_to": [], "in_feed": false, "unique_commenter_ids": "[]", "in_calc": false, "commenters": [], "main_image": null, "title": "", "summary": null, "alias": "default", "created_when": "2012-09-01T11:25:20.119"}}, {"pk": 171540, "model": "modernpolitics.content", "fields": {"hot_score": 0, "creator": 6, "downvotes": 0, "in_search": false, "rank": "0", "calculated_view": null, "active": true, "last_answered": "2012-09-01T11:25:20.543", "main_topic": 1, "scale": "A", "privacy": "PUB", "num_comments": 0, "location": null, "upvotes": 1, "type": "R", "topics": [1], "posted_to": 171520, "status": 1, "content_privacy": "O", "shared_to": [], "in_feed": false, "unique_commenter_ids": "[]", "in_calc": false, "commenters": [], "main_image": null, "title": "", "summary": null, "alias": "default", "created_when": "2012-09-01T11:25:20.543"}}, {"pk": 171541, "model": "modernpolitics.content", "fields": {"hot_score": 0, "creator": 6, "downvotes": 0, "in_search": false, "rank": "0", "calculated_view": null, "active": true, "last_answered": "2012-09-01T11:25:20.980", "main_topic": 8, "scale": "A", "privacy": "PUB", "num_comments": 0, "location": null, "upvotes": 1, "type": "R", "topics": [8], "posted_to": 171520, "status": 1, "content_privacy": "O", "shared_to": [], "in_feed": false, "unique_commenter_ids": "[]", "in_calc": false, "commenters": [], "main_image": null, "title": "", "summary": null, "alias": "default", "created_when": "2012-09-01T11:25:20.980"}}, {"pk": 171542, "model": "modernpolitics.content", "fields": {"hot_score": 0, "creator": 6, "downvotes": 0, "in_search": false, "rank": "0", "calculated_view": null, "active": true, "last_answered": "2012-09-01T11:25:21.632", "main_topic": 3, "scale": "A", "privacy": "PUB", "num_comments": 0, "location": null, "upvotes": 1, "type": "R", "topics": [3], "posted_to": 171520, "status": 1, "content_privacy": "O", "shared_to": [], "in_feed": false, "unique_commenter_ids": "[]", "in_calc": false, "commenters": [], "main_image": null, "title": "", "summary": null, "alias": "default", "created_when": "2012-09-01T11:25:21.632"}}, {"pk": 171543, "model": "modernpolitics.content", "fields": {"hot_score": 0, "creator": 6, "downvotes": 0, "in_search": false, "rank": "0", "calculated_view": null, "active": true, "last_answered": "2012-09-01T11:25:22.099", "main_topic": 1, "scale": "A", "privacy": "PUB", "num_comments": 0, "location": null, "upvotes": 1, "type": "R", "topics": [1], "posted_to": 171520, "status": 1, "content_privacy": "O", "shared_to": [], "in_feed": false, "unique_commenter_ids": "[]", "in_calc": false, "commenters": [], "main_image": null, "title": "", "summary": null, "alias": "default", "created_when": "2012-09-01T11:25:22.099"}}, {"pk": 171544, "model": "modernpolitics.content", "fields": {"hot_score": 0, "creator": 6, "downvotes": 0, "in_search": false, "rank": "0", "calculated_view": null, "active": true, "last_answered": "2012-09-01T11:25:22.501", "main_topic": 10, "scale": "A", "privacy": "PUB", "num_comments": 0, "location": null, "upvotes": 1, "type": "R", "topics": [10], "posted_to": 171520, "status": 1, "content_privacy": "O", "shared_to": [], "in_feed": false, "unique_commenter_ids": "[]", "in_calc": false, "commenters": [], "main_image": null, "title": "", "summary": null, "alias": "default", "created_when": "2012-09-01T11:25:22.501"}}, {"pk": 171545, "model": "modernpolitics.content", "fields": {"hot_score": 0, "creator": 6, "downvotes": 0, "in_search": false, "rank": "0", "calculated_view": null, "active": true, "last_answered": "2012-09-01T11:25:22.822", "main_topic": 1, "scale": "A", "privacy": "PUB", "num_comments": 0, "location": null, "upvotes": 1, "type": "R", "topics": [1], "posted_to": 171520, "status": 1, "content_privacy": "O", "shared_to": [], "in_feed": false, "unique_commenter_ids": "[]", "in_calc": false, "commenters": [], "main_image": null, "title": "", "summary": null, "alias": "default", "created_when": "2012-09-01T11:25:22.822"}}, {"pk": 171546, "model": "modernpolitics.content", "fields": {"hot_score": 0, "creator": 6, "downvotes": 0, "in_search": false, "rank": "0", "calculated_view": null, "active": true, "last_answered": "2012-09-01T11:25:23.301", "main_topic": 10, "scale": "A", "privacy": "PUB", "num_comments": 0, "location": null, "upvotes": 1, "type": "R", "topics": [10], "posted_to": 171520, "status": 1, "content_privacy": "O", "shared_to": [], "in_feed": false, "unique_commenter_ids": "[]", "in_calc": false, "commenters": [], "main_image": null, "title": "", "summary": null, "alias": "default", "created_when": "2012-09-01T11:25:23.300"}}, {"pk": 171547, "model": "modernpolitics.content", "fields": {"hot_score": 0, "creator": 6, "downvotes": 0, "in_search": false, "rank": "0", "calculated_view": null, "active": true, "last_answered": "2012-09-01T11:25:23.677", "main_topic": 21, "scale": "A", "privacy": "PUB", "num_comments": 0, "location": null, "upvotes": 1, "type": "R", "topics": [21], "posted_to": 171520, "status": 1, "content_privacy": "O", "shared_to": [], "in_feed": false, "unique_commenter_ids": "[]", "in_calc": false, "commenters": [], "main_image": null, "title": "", "summary": null, "alias": "default", "created_when": "2012-09-01T11:25:23.677"}}, {"pk": 171548, "model": "modernpolitics.content", "fields": {"hot_score": 0, "creator": 6, "downvotes": 0, "in_search": false, "rank": "0", "calculated_view": null, "active": true, "last_answered": "2012-09-01T11:25:24.279", "main_topic": 21, "scale": "A", "privacy": "PUB", "num_comments": 0, "location": null, "upvotes": 1, "type": "R", "topics": [21], "posted_to": 171520, "status": 1, "content_privacy": "O", "shared_to": [], "in_feed": false, "unique_commenter_ids": "[]", "in_calc": false, "commenters": [], "main_image": null, "title": "", "summary": null, "alias": "default", "created_when": "2012-09-01T11:25:24.279"}}, {"pk": 171549, "model": "modernpolitics.content", "fields": {"hot_score": 0, "creator": 6, "downvotes": 0, "in_search": false, "rank": "0", "calculated_view": null, "active": true, "last_answered": "2012-09-01T11:25:24.675", "main_topic": 8, "scale": "A", "privacy": "PUB", "num_comments": 0, "location": null, "upvotes": 1, "type": "R", "topics": [8], "posted_to": 171520, "status": 1, "content_privacy": "O", "shared_to": [], "in_feed": false, "unique_commenter_ids": "[]", "in_calc": false, "commenters": [], "main_image": null, "title": "", "summary": null, "alias": "default", "created_when": "2012-09-01T11:25:24.675"}}, {"pk": 171550, "model": "modernpolitics.content", "fields": {"hot_score": 0, "creator": 6, "downvotes": 0, "in_search": false, "rank": "0", "calculated_view": null, "active": true, "last_answered": "2012-09-01T11:25:25.087", "main_topic": 8, "scale": "A", "privacy": "PUB", "num_comments": 0, "location": null, "upvotes": 1, "type": "R", "topics": [8], "posted_to": 171520, "status": 1, "content_privacy": "O", "shared_to": [], "in_feed": false, "unique_commenter_ids": "[]", "in_calc": false, "commenters": [], "main_image": null, "title": "", "summary": null, "alias": "default", "created_when": "2012-09-01T11:25:25.087"}}, {"pk": 171551, "model": "modernpolitics.content", "fields": {"hot_score": 0, "creator": 6, "downvotes": 0, "in_search": false, "rank": "0", "calculated_view": null, "active": true, "last_answered": "2012-09-01T11:25:25.557", "main_topic": 1, "scale": "A", "privacy": "PUB", "num_comments": 0, "location": null, "upvotes": 1, "type": "R", "topics": [1], "posted_to": 171520, "status": 1, "content_privacy": "O", "shared_to": [], "in_feed": false, "unique_commenter_ids": "[]", "in_calc": false, "commenters": [], "main_image": null, "title": "", "summary": null, "alias": "default", "created_when": "2012-09-01T11:25:25.557"}}, {"pk": 171552, "model": "modernpolitics.content", "fields": {"hot_score": 0, "creator": 6, "downvotes": 0, "in_search": false, "rank": "0", "calculated_view": null, "active": true, "last_answered": "2012-09-01T11:25:26.138", "main_topic": 12, "scale": "A", "privacy": "PUB", "num_comments": 0, "location": null, "upvotes": 1, "type": "R", "topics": [12], "posted_to": 171520, "status": 1, "content_privacy": "O", "shared_to": [], "in_feed": false, "unique_commenter_ids": "[]", "in_calc": false, "commenters": [], "main_image": null, "title": "", "summary": null, "alias": "default", "created_when": "2012-09-01T11:25:26.138"}}, {"pk": 171553, "model": "modernpolitics.content", "fields": {"hot_score": 0, "creator": 6, "downvotes": 0, "in_search": false, "rank": "0", "calculated_view": null, "active": true, "last_answered": "2012-09-01T11:25:26.523", "main_topic": 21, "scale": "A", "privacy": "PUB", "num_comments": 0, "location": null, "upvotes": 1, "type": "R", "topics": [21], "posted_to": 171520, "status": 1, "content_privacy": "O", "shared_to": [], "in_feed": false, "unique_commenter_ids": "[]", "in_calc": false, "commenters": [], "main_image": null, "title": "", "summary": null, "alias": "default", "created_when": "2012-09-01T11:25:26.523"}}, {"pk": 171554, "model": "modernpolitics.content", "fields": {"hot_score": 0, "creator": 6, "downvotes": 0, "in_search": false, "rank": "0", "calculated_view": null, "active": true, "last_answered": "2012-09-01T11:25:26.921", "main_topic": 3, "scale": "A", "privacy": "PUB", "num_comments": 0, "location": null, "upvotes": 1, "type": "R", "topics": [3], "posted_to": 171520, "status": 1, "content_privacy": "O", "shared_to": [], "in_feed": false, "unique_commenter_ids": "[]", "in_calc": false, "commenters": [], "main_image": null, "title": "", "summary": null, "alias": "default", "created_when": "2012-09-01T11:25:26.921"}}, {"pk": 171555, "model": "modernpolitics.content", "fields": {"hot_score": 0, "creator": 6, "downvotes": 0, "in_search": false, "rank": "0", "calculated_view": null, "active": true, "last_answered": "2012-09-01T11:25:27.273", "main_topic": 1, "scale": "A", "privacy": "PUB", "num_comments": 0, "location": null, "upvotes": 1, "type": "R", "topics": [1], "posted_to": 171520, "status": 1, "content_privacy": "O", "shared_to": [], "in_feed": false, "unique_commenter_ids": "[]", "in_calc": false, "commenters": [], "main_image": null, "title": "", "summary": null, "alias": "default", "created_when": "2012-09-01T11:25:27.273"}}, {"pk": 171556, "model": "modernpolitics.content", "fields": {"hot_score": 0, "creator": 6, "downvotes": 0, "in_search": false, "rank": "0", "calculated_view": null, "active": true, "last_answered": "2012-09-01T11:25:27.668", "main_topic": 10, "scale": "A", "privacy": "PUB", "num_comments": 0, "location": null, "upvotes": 1, "type": "R", "topics": [10], "posted_to": 171520, "status": 1, "content_privacy": "O", "shared_to": [], "in_feed": false, "unique_commenter_ids": "[]", "in_calc": false, "commenters": [], "main_image": null, "title": "", "summary": null, "alias": "default", "created_when": "2012-09-01T11:25:27.668"}}, {"pk": 171557, "model": "modernpolitics.content", "fields": {"hot_score": 0, "creator": 6, "downvotes": 0, "in_search": false, "rank": "0", "calculated_view": null, "active": true, "last_answered": "2012-09-01T11:25:28.044", "main_topic": 12, "scale": "A", "privacy": "PUB", "num_comments": 0, "location": null, "upvotes": 1, "type": "R", "topics": [12], "posted_to": 171520, "status": 1, "content_privacy": "O", "shared_to": [], "in_feed": false, "unique_commenter_ids": "[]", "in_calc": false, "commenters": [], "main_image": null, "title": "", "summary": null, "alias": "default", "created_when": "2012-09-01T11:25:28.044"}}, {"pk": 171558, "model": "modernpolitics.content", "fields": {"hot_score": 0, "creator": 6, "downvotes": 0, "in_search": false, "rank": "0", "calculated_view": null, "active": true, "last_answered": "2012-09-01T11:25:28.544", "main_topic": 3, "scale": "A", "privacy": "PUB", "num_comments": 0, "location": null, "upvotes": 1, "type": "R", "topics": [3], "posted_to": 171520, "status": 1, "content_privacy": "O", "shared_to": [], "in_feed": false, "unique_commenter_ids": "[]", "in_calc": false, "commenters": [], "main_image": null, "title": "", "summary": null, "alias": "default", "created_when": "2012-09-01T11:25:28.544"}}, {"pk": 171559, "model": "modernpolitics.content", "fields": {"hot_score": 0, "creator": 6, "downvotes": 0, "in_search": false, "rank": "0", "calculated_view": null, "active": true, "last_answered": "2012-09-01T11:25:28.857", "main_topic": 12, "scale": "A", "privacy": "PUB", "num_comments": 0, "location": null, "upvotes": 1, "type": "R", "topics": [12], "posted_to": 171520, "status": 1, "content_privacy": "O", "shared_to": [], "in_feed": false, "unique_commenter_ids": "[]", "in_calc": false, "commenters": [], "main_image": null, "title": "", "summary": null, "alias": "default", "created_when": "2012-09-01T11:25:28.857"}}, {"pk": 171560, "model": "modernpolitics.content", "fields": {"hot_score": 0, "creator": 6, "downvotes": 0, "in_search": false, "rank": "0", "calculated_view": null, "active": true, "last_answered": "2012-09-01T11:25:29.110", "main_topic": 12, "scale": "A", "privacy": "PUB", "num_comments": 0, "location": null, "upvotes": 1, "type": "R", "topics": [12], "posted_to": 171520, "status": 1, "content_privacy": "O", "shared_to": [], "in_feed": false, "unique_commenter_ids": "[]", "in_calc": false, "commenters": [], "main_image": null, "title": "", "summary": null, "alias": "default", "created_when": "2012-09-01T11:25:29.110"}}, {"pk": 171561, "model": "modernpolitics.content", "fields": {"hot_score": 0, "creator": 6, "downvotes": 0, "in_search": false, "rank": "0", "calculated_view": null, "active": true, "last_answered": "2012-09-01T11:25:29.400", "main_topic": 10, "scale": "A", "privacy": "PUB", "num_comments": 0, "location": null, "upvotes": 1, "type": "R", "topics": [10], "posted_to": 171520, "status": 1, "content_privacy": "O", "shared_to": [], "in_feed": false, "unique_commenter_ids": "[]", "in_calc": false, "commenters": [], "main_image": null, "title": "", "summary": null, "alias": "default", "created_when": "2012-09-01T11:25:29.400"}}, {"pk": 171562, "model": "modernpolitics.content", "fields": {"hot_score": 0, "creator": 6, "downvotes": 0, "in_search": false, "rank": "0", "calculated_view": null, "active": true, "last_answered": "2012-09-01T11:25:29.789", "main_topic": 11, "scale": "A", "privacy": "PUB", "num_comments": 0, "location": null, "upvotes": 1, "type": "R", "topics": [11], "posted_to": 171520, "status": 1, "content_privacy": "O", "shared_to": [], "in_feed": false, "unique_commenter_ids": "[]", "in_calc": false, "commenters": [], "main_image": null, "title": "", "summary": null, "alias": "default", "created_when": "2012-09-01T11:25:29.789"}}, {"pk": 171563, "model": "modernpolitics.content", "fields": {"hot_score": 0, "creator": 6, "downvotes": 0, "in_search": false, "rank": "0", "calculated_view": null, "active": true, "last_answered": "2012-09-01T11:25:30.211", "main_topic": 11, "scale": "A", "privacy": "PUB", "num_comments": 0, "location": null, "upvotes": 1, "type": "R", "topics": [11], "posted_to": 171520, "status": 1, "content_privacy": "O", "shared_to": [], "in_feed": false, "unique_commenter_ids": "[]", "in_calc": false, "commenters": [], "main_image": null, "title": "", "summary": null, "alias": "default", "created_when": "2012-09-01T11:25:30.211"}}, {"pk": 171564, "model": "modernpolitics.content", "fields": {"hot_score": 0, "creator": 6, "downvotes": 0, "in_search": false, "rank": "0", "calculated_view": null, "active": true, "last_answered": "2012-09-01T11:25:30.679", "main_topic": 11, "scale": "A", "privacy": "PUB", "num_comments": 0, "location": null, "upvotes": 1, "type": "R", "topics": [11], "posted_to": 171520, "status": 1, "content_privacy": "O", "shared_to": [], "in_feed": false, "unique_commenter_ids": "[]", "in_calc": false, "commenters": [], "main_image": null, "title": "", "summary": null, "alias": "default", "created_when": "2012-09-01T11:25:30.679"}}, {"pk": 171565, "model": "modernpolitics.content", "fields": {"hot_score": 0, "creator": 6, "downvotes": 0, "in_search": false, "rank": "0", "calculated_view": null, "active": true, "last_answered": "2012-09-01T11:25:31.078", "main_topic": 8, "scale": "A", "privacy": "PUB", "num_comments": 0, "location": null, "upvotes": 1, "type": "R", "topics": [8], "posted_to": 171520, "status": 1, "content_privacy": "O", "shared_to": [], "in_feed": false, "unique_commenter_ids": "[]", "in_calc": false, "commenters": [], "main_image": null, "title": "", "summary": null, "alias": "default", "created_when": "2012-09-01T11:25:31.078"}}, {"pk": 171566, "model": "modernpolitics.content", "fields": {"hot_score": 0, "creator": 6, "downvotes": 0, "in_search": false, "rank": "0", "calculated_view": null, "active": true, "last_answered": "2012-09-01T11:25:31.525", "main_topic": 12, "scale": "A", "privacy": "PUB", "num_comments": 0, "location": null, "upvotes": 1, "type": "R", "topics": [12], "posted_to": 171520, "status": 1, "content_privacy": "O", "shared_to": [], "in_feed": false, "unique_commenter_ids": "[]", "in_calc": false, "commenters": [], "main_image": null, "title": "", "summary": null, "alias": "default", "created_when": "2012-09-01T11:25:31.525"}}, {"pk": 171567, "model": "modernpolitics.content", "fields": {"hot_score": 0, "creator": 6, "downvotes": 0, "in_search": false, "rank": "0", "calculated_view": null, "active": true, "last_answered": "2012-09-01T11:25:32.102", "main_topic": 10, "scale": "A", "privacy": "PUB", "num_comments": 0, "location": null, "upvotes": 1, "type": "R", "topics": [10], "posted_to": 171520, "status": 1, "content_privacy": "O", "shared_to": [], "in_feed": false, "unique_commenter_ids": "[]", "in_calc": false, "commenters": [], "main_image": null, "title": "", "summary": null, "alias": "default", "created_when": "2012-09-01T11:25:32.102"}}, {"pk": 171568, "model": "modernpolitics.content", "fields": {"hot_score": 0, "creator": 6, "downvotes": 0, "in_search": false, "rank": "0", "calculated_view": null, "active": true, "last_answered": "2012-09-01T11:25:32.762", "main_topic": 12, "scale": "A", "privacy": "PUB", "num_comments": 0, "location": null, "upvotes": 1, "type": "R", "topics": [12], "posted_to": 171520, "status": 1, "content_privacy": "O", "shared_to": [], "in_feed": false, "unique_commenter_ids": "[]", "in_calc": false, "commenters": [], "main_image": null, "title": "", "summary": null, "alias": "default", "created_when": "2012-09-01T11:25:32.762"}}, {"pk": 171569, "model": "modernpolitics.content", "fields": {"hot_score": 0, "creator": 6, "downvotes": 0, "in_search": false, "rank": "0", "calculated_view": null, "active": true, "last_answered": "2012-09-01T11:25:33.015", "main_topic": 3, "scale": "A", "privacy": "PUB", "num_comments": 0, "location": null, "upvotes": 1, "type": "R", "topics": [3], "posted_to": 171520, "status": 1, "content_privacy": "O", "shared_to": [], "in_feed": false, "unique_commenter_ids": "[]", "in_calc": false, "commenters": [], "main_image": null, "title": "", "summary": null, "alias": "default", "created_when": "2012-09-01T11:25:33.015"}}, {"pk": 171570, "model": "modernpolitics.content", "fields": {"hot_score": 0, "creator": 6, "downvotes": 0, "in_search": false, "rank": "0", "calculated_view": null, "active": true, "last_answered": "2012-09-01T11:25:33.501", "main_topic": 12, "scale": "A", "privacy": "PUB", "num_comments": 0, "location": null, "upvotes": 1, "type": "R", "topics": [12], "posted_to": 171520, "status": 1, "content_privacy": "O", "shared_to": [], "in_feed": false, "unique_commenter_ids": "[]", "in_calc": false, "commenters": [], "main_image": null, "title": "", "summary": null, "alias": "default", "created_when": "2012-09-01T11:25:33.501"}}, {"pk": 171571, "model": "modernpolitics.content", "fields": {"hot_score": 0, "creator": 6, "downvotes": 0, "in_search": false, "rank": "0", "calculated_view": null, "active": true, "last_answered": "2012-09-01T11:25:33.968", "main_topic": 11, "scale": "A", "privacy": "PUB", "num_comments": 0, "location": null, "upvotes": 1, "type": "R", "topics": [11], "posted_to": 171520, "status": 1, "content_privacy": "O", "shared_to": [], "in_feed": false, "unique_commenter_ids": "[]", "in_calc": false, "commenters": [], "main_image": null, "title": "", "summary": null, "alias": "default", "created_when": "2012-09-01T11:25:33.968"}}, {"pk": 171572, "model": "modernpolitics.content", "fields": {"hot_score": 0, "creator": 6, "downvotes": 0, "in_search": false, "rank": "0", "calculated_view": null, "active": true, "last_answered": "2012-09-01T11:25:34.316", "main_topic": 11, "scale": "A", "privacy": "PUB", "num_comments": 0, "location": null, "upvotes": 1, "type": "R", "topics": [11], "posted_to": 171520, "status": 1, "content_privacy": "O", "shared_to": [], "in_feed": false, "unique_commenter_ids": "[]", "in_calc": false, "commenters": [], "main_image": null, "title": "", "summary": null, "alias": "default", "created_when": "2012-09-01T11:25:34.316"}}, {"pk": 171573, "model": "modernpolitics.content", "fields": {"hot_score": 0, "creator": 6, "downvotes": 0, "in_search": false, "rank": "0", "calculated_view": null, "active": true, "last_answered": "2012-09-01T11:25:34.756", "main_topic": 11, "scale": "A", "privacy": "PUB", "num_comments": 0, "location": null, "upvotes": 1, "type": "R", "topics": [11], "posted_to": 171520, "status": 1, "content_privacy": "O", "shared_to": [], "in_feed": false, "unique_commenter_ids": "[]", "in_calc": false, "commenters": [], "main_image": null, "title": "", "summary": null, "alias": "default", "created_when": "2012-09-01T11:25:34.756"}}, {"pk": 171574, "model": "modernpolitics.content", "fields": {"hot_score": 0, "creator": 6, "downvotes": 0, "in_search": false, "rank": "0", "calculated_view": null, "active": true, "last_answered": "2012-09-01T11:25:35.168", "main_topic": 11, "scale": "A", "privacy": "PUB", "num_comments": 0, "location": null, "upvotes": 1, "type": "R", "topics": [11], "posted_to": 171520, "status": 1, "content_privacy": "O", "shared_to": [], "in_feed": false, "unique_commenter_ids": "[]", "in_calc": false, "commenters": [], "main_image": null, "title": "", "summary": null, "alias": "default", "created_when": "2012-09-01T11:25:35.168"}}, {"pk": 171575, "model": "modernpolitics.content", "fields": {"hot_score": 0, "creator": 6, "downvotes": 0, "in_search": false, "rank": "0", "calculated_view": null, "active": true, "last_answered": "2012-09-01T11:25:35.545", "main_topic": 10, "scale": "A", "privacy": "PUB", "num_comments": 0, "location": null, "upvotes": 1, "type": "R", "topics": [10], "posted_to": 171520, "status": 1, "content_privacy": "O", "shared_to": [], "in_feed": false, "unique_commenter_ids": "[]", "in_calc": false, "commenters": [], "main_image": null, "title": "", "summary": null, "alias": "default", "created_when": "2012-09-01T11:25:35.545"}}, {"pk": 171576, "model": "modernpolitics.content", "fields": {"hot_score": 0, "creator": 6, "downvotes": 0, "in_search": false, "rank": "0", "calculated_view": null, "active": true, "last_answered": "2012-09-01T11:25:36.138", "main_topic": 11, "scale": "A", "privacy": "PUB", "num_comments": 0, "location": null, "upvotes": 1, "type": "R", "topics": [11], "posted_to": 171520, "status": 1, "content_privacy": "O", "shared_to": [], "in_feed": false, "unique_commenter_ids": "[]", "in_calc": false, "commenters": [], "main_image": null, "title": "", "summary": null, "alias": "default", "created_when": "2012-09-01T11:25:36.138"}}, {"pk": 171577, "model": "modernpolitics.content", "fields": {"hot_score": 0, "creator": 6, "downvotes": 0, "in_search": false, "rank": "0", "calculated_view": null, "active": true, "last_answered": "2012-09-01T11:25:38.286", "main_topic": 24, "scale": "A", "privacy": "PUB", "num_comments": 0, "location": null, "upvotes": 1, "type": "N", "topics": [], "posted_to": 171518, "status": 1, "content_privacy": "O", "shared_to": [], "in_feed": true, "unique_commenter_ids": "[]", "in_calc": false, "commenters": [], "main_image": null, "title": "This is test news about something", "summary": null, "alias": "default", "created_when": "2012-09-01T11:25:38.286"}}, {"pk": 171578, "model": "modernpolitics.content", "fields": {"hot_score": 0, "creator": 6, "downvotes": 0, "in_search": false, "rank": "0", "calculated_view": null, "active": true, "last_answered": "2012-09-01T11:25:38.441", "main_topic": 24, "scale": "A", "privacy": "PUB", "num_comments": 0, "location": null, "upvotes": 1, "type": "N", "topics": [], "posted_to": 171518, "status": 1, "content_privacy": "O", "shared_to": [], "in_feed": true, "unique_commenter_ids": "[]", "in_calc": false, "commenters": [], "main_image": null, "title": "Blah blah blah blah blah blah blah", "summary": null, "alias": "default", "created_when": "2012-09-01T11:25:38.441"}}, {"pk": 171579, "model": "modernpolitics.content", "fields": {"hot_score": 0, "creator": 6, "downvotes": 0, "in_search": false, "rank": "0", "calculated_view": null, "active": true, "last_answered": "2012-09-01T11:25:38.703", "main_topic": 24, "scale": "A", "privacy": "PUB", "num_comments": 0, "location": null, "upvotes": 1, "type": "N", "topics": [], "posted_to": 171518, "status": 1, "content_privacy": "O", "shared_to": [], "in_feed": true, "unique_commenter_ids": "[]", "in_calc": false, "commenters": [], "main_image": null, "title": "Rabla reee", "summary": null, "alias": "default", "created_when": "2012-09-01T11:25:38.703"}}, {"pk": 171580, "model": "modernpolitics.content", "fields": {"hot_score": 0, "creator": 5, "downvotes": 0, "in_search": false, "rank": "0", "calculated_view": null, "active": true, "last_answered": "2012-09-01T11:25:38.985", "main_topic": 24, "scale": "A", "privacy": "PUB", "num_comments": 0, "location": null, "upvotes": 1, "type": "N", "topics": [], "posted_to": 171518, "status": 1, "content_privacy": "O", "shared_to": [], "in_feed": true, "unique_commenter_ids": "[]", "in_calc": false, "commenters": [], "main_image": null, "title": "One more for the books", "summary": null, "alias": "default", "created_when": "2012-09-01T11:25:38.985"}}, {"pk": 171581, "model": "modernpolitics.content", "fields": {"hot_score": 0, "creator": 5, "downvotes": 0, "in_search": false, "rank": "0", "calculated_view": null, "active": true, "last_answered": "2012-09-01T11:25:39.135", "main_topic": 24, "scale": "A", "privacy": "PUB", "num_comments": 0, "location": null, "upvotes": 1, "type": "D", "topics": [], "posted_to": 171518, "status": 1, "content_privacy": "O", "shared_to": [], "in_feed": true, "unique_commenter_ids": "[]", "in_calc": false, "commenters": [], "main_image": null, "title": "How does lovegov make you feel?", "summary": null, "alias": "default", "created_when": "2012-09-01T11:25:39.135"}}, {"pk": 171582, "model": "modernpolitics.content", "fields": {"hot_score": 0, "creator": 6, "downvotes": 0, "in_search": false, "rank": "0", "calculated_view": null, "active": true, "last_answered": "2012-09-01T11:25:39.321", "main_topic": 24, "scale": "A", "privacy": "PUB", "num_comments": 0, "location": null, "upvotes": 1, "type": "D", "topics": [], "posted_to": 171518, "status": 1, "content_privacy": "O", "shared_to": [], "in_feed": true, "unique_commenter_ids": "[]", "in_calc": false, "commenters": [], "main_image": null, "title": "Longer text means longer socks.", "summary": null, "alias": "default", "created_when": "2012-09-01T11:25:39.321"}}, {"pk": 171583, "model": "modernpolitics.content", "fields": {"hot_score": 0, "creator": 5, "downvotes": 0, "in_search": false, "rank": "0", "calculated_view": null, "active": true, "last_answered": "2012-09-01T11:25:39.504", "main_topic": 24, "scale": "A", "privacy": "PUB", "num_comments": 0, "location": null, "upvotes": 1, "type": "S", "topics": [], "posted_to": 171518, "status": 1, "content_privacy": "O", "shared_to": [], "in_feed": false, "unique_commenter_ids": "[]", "in_calc": false, "commenters": [], "main_image": null, "title": "Test Scorecard", "summary": "This is a scorecard about blah blah and blah", "alias": "default", "created_when": "2012-09-01T11:25:39.504"}}, {"pk": 171584, "model": "modernpolitics.content", "fields": {"hot_score": 0, "creator": 1, "downvotes": 0, "in_search": false, "rank": "0", "calculated_view": null, "active": true, "last_answered": "2012-09-01T11:25:39.816", "main_topic": 24, "scale": "A", "privacy": "PUB", "num_comments": 0, "location": null, "upvotes": 1, "type": "G", "topics": [], "posted_to": null, "status": 1, "content_privacy": "O", "shared_to": [], "in_feed": false, "unique_commenter_ids": "[]", "in_calc": false, "commenters": [], "main_image": null, "title": "Presidential Election", "summary": "who will be America's next president?", "alias": "presidential_election1", "created_when": "2012-09-01T11:25:39.816"}}, {"pk": 171585, "model": "modernpolitics.content", "fields": {"hot_score": 0, "creator": 1, "downvotes": 0, "in_search": false, "rank": "0", "calculated_view": null, "active": true, "last_answered": "2012-09-01T11:25:40.287", "main_topic": 24, "scale": "A", "privacy": "PUB", "num_comments": 0, "location": null, "upvotes": 1, "type": "G", "topics": [], "posted_to": null, "status": 1, "content_privacy": "O", "shared_to": [], "in_feed": false, "unique_commenter_ids": "[]", "in_calc": false, "commenters": [], "main_image": null, "title": "Home Room Line Leader Election", "summary": "who will lead the line?", "alias": "home_room_line_leader_election", "created_when": "2012-09-01T11:25:40.287"}}, {"pk": 171586, "model": "modernpolitics.content", "fields": {"hot_score": 0, "creator": 1, "downvotes": 0, "in_search": false, "rank": "0", "calculated_view": null, "active": true, "last_answered": "2012-09-01T11:25:40.613", "main_topic": 24, "scale": "A", "privacy": "PUB", "num_comments": 0, "location": null, "upvotes": 1, "type": "G", "topics": [], "posted_to": null, "status": 1, "content_privacy": "O", "shared_to": [], "in_feed": false, "unique_commenter_ids": "[]", "in_calc": false, "commenters": [], "main_image": null, "title": "Iowa District Political Champion Election", "summary": "who will lead iowa?", "alias": "iowa_district_political_champion_election", "created_when": "2012-09-01T11:25:40.613"}}, {"pk": 171481, "model": "modernpolitics.userimage", "fields": {"shared_to": [], "image": "images/33176.png", "topics": [], "commenters": []}}, {"pk": 1, "model": "modernpolitics.registercode", "fields": {"active": true, "expiration_date": null, "start_date": "2012-09-01T11:25:01.810", "code_text": "politics"}}, {"pk": 2, "model": "modernpolitics.registercode", "fields": {"active": true, "expiration_date": null, "start_date": "2012-09-01T11:25:01.821", "code_text": "brownrisd"}}, {"pk": 3, "model": "modernpolitics.registercode", "fields": {"active": true, "expiration_date": null, "start_date": "2012-09-01T11:25:40.814", "code_text": "brownrisd"}}, {"pk": 1, "model": "modernpolitics.userprofile", "fields": {"userAddress": null, "last_name": "Gov", "group_views": [], "num_petitions": 0, "downvotes": 0, "profile_image": null, "group_subscriptions": [171484, 171485], "political_role": null, "follow_me": 171483, "user_notification_setting": "[]", "networks": [], "num_messages": 0, "about_me": "", "url": "[]", "num_followme": 0, "parties": [], "invite_subject": "default", "num_groups": 1, "ethnicity": null, "developer": true, "private_follow": false, "email_notification_setting": "[]", "first_name": "Love", "last_page_access": -1, "middle_name": null, "upvotes": 88, "supporters": [], "alias": "lovegov", "num_ifollow": 0, "registration_code": null, "num_supporters": 0, "user_title": null, "zipcode": null, "fb_image": "", "confirmed": true, "religion": null, "state": null, "facebook_name": "", "location": null, "anonymous": [], "facebook_id": null, "party": null, "last_answered": "2012-09-01T11:24:49.256", "type": "U", "email": "lovegov", "website_url": "", "username": "lovegov", "bio": null, "confirmation_link": "5222173089357736850", "govtrack_id": -1, "currently_in_office": false, "primary_role": null, "politician": false, "created_when": "2012-09-01T11:24:49.256", "invite_message": "default", "num_articles": 0, "date_of_birth": null, "facebook_profile_url": "", "dob": null, "elected_official": false, "address": "[]", "num_signatures": 0, "temp_location": null, "old_locations": [], "political_statement": null, "num_answers": 0, "ghost": false, "twitter_user_id": null, "twitter_screen_name": null, "access_token": "", "gender": null, "age": null, "first_login": 0, "custom_notification_settings": [], "nick_name": null, "content_notification_setting": "[]", "num_posts": 0, "blog_url": "", "raw_data": "", "like_minded": null, "view": 2, "political_title": "Citizen", "i_follow": 171482, "user": 1}}, {"pk": 2, "model": "modernpolitics.userprofile", "fields": {"userAddress": null, "last_name": "", "group_views": [], "num_petitions": 0, "downvotes": 0, "profile_image": null, "group_subscriptions": [171484, 171485], "political_role": null, "follow_me": 171496, "user_notification_setting": "[]", "networks": [], "num_messages": 0, "about_me": "", "url": "[]", "num_followme": 0, "parties": [], "invite_subject": "default", "num_groups": 1, "ethnicity": null, "developer": false, "private_follow": false, "email_notification_setting": "[]", "first_name": "Anonymous", "last_page_access": -1, "middle_name": null, "upvotes": 0, "supporters": [], "alias": "anonymous", "num_ifollow": 0, "registration_code": null, "num_supporters": 0, "user_title": null, "zipcode": null, "fb_image": "", "confirmed": true, "religion": null, "state": null, "facebook_name": "", "location": null, "anonymous": [], "facebook_id": null, "party": null, "last_answered": "2012-09-01T11:24:59.569", "type": "U", "email": "anon", "website_url": "", "username": "anon", "bio": null, "confirmation_link": "7600232276103402718", "govtrack_id": -1, "currently_in_office": false, "primary_role": null, "politician": false, "created_when": "2012-09-01T11:24:59.568", "invite_message": "default", "num_articles": 0, "date_of_birth": null, "facebook_profile_url": "", "dob": null, "elected_official": false, "address": "[]", "num_signatures": 0, "temp_location": null, "old_locations": [], "political_statement": null, "num_answers": 0, "ghost": false, "twitter_user_id": null, "twitter_screen_name": null, "access_token": "", "gender": null, "age": null, "first_login": 0, "custom_notification_settings": [], "nick_name": null, "content_notification_setting": "[]", "num_posts": 0, "blog_url": "", "raw_data": "", "like_minded": null, "view": 16, "political_title": "Citizen", "i_follow": 171495, "user": 2}}, {"pk": 3, "model": "modernpolitics.userprofile", "fields": {"userAddress": null, "last_name": "Tryba", "group_views": [], "num_petitions": 0, "downvotes": 0, "profile_image": null, "group_subscriptions": [171484, 171485], "political_role": null, "follow_me": 171498, "user_notification_setting": "[]", "networks": [], "num_messages": 0, "about_me": "", "url": "[]", "num_followme": 0, "parties": [], "invite_subject": "default", "num_groups": 1, "ethnicity": null, "developer": true, "private_follow": false, "email_notification_setting": "[]", "first_name": "Joshcka", "last_page_access": -1, "middle_name": null, "upvotes": 0, "supporters": [], "alias": "joshckatryba", "num_ifollow": 0, "registration_code": null, "num_supporters": 0, "user_title": null, "zipcode": null, "fb_image": "", "confirmed": true, "religion": null, "state": null, "facebook_name": "", "location": null, "anonymous": [], "facebook_id": null, "party": null, "last_answered": "2012-09-01T11:25:04.008", "type": "U", "email": "joshcka_tryba@brown.edu", "website_url": "", "username": "yoshi", "bio": null, "confirmation_link": "6412824876048052096", "govtrack_id": -1, "currently_in_office": false, "primary_role": null, "politician": false, "created_when": "2012-09-01T11:25:04.008", "invite_message": "default", "num_articles": 0, "date_of_birth": null, "facebook_profile_url": "", "dob": null, "elected_official": false, "address": "[]", "num_signatures": 0, "temp_location": null, "old_locations": [], "political_statement": null, "num_answers": 0, "ghost": false, "twitter_user_id": null, "twitter_screen_name": null, "access_token": "", "gender": null, "age": null, "first_login": 0, "custom_notification_settings": [], "nick_name": null, "content_notification_setting": "[]", "num_posts": 0, "blog_url": "", "raw_data": "", "like_minded": null, "view": 20, "political_title": "Citizen", "i_follow": 171497, "user": 3}}, {"pk": 4, "model": "modernpolitics.userprofile", "fields": {"userAddress": null, "last_name": "Greg", "group_views": [], "num_petitions": 0, "downvotes": 0, "profile_image": null, "group_subscriptions": [171484, 171485], "political_role": null, "follow_me": 171500, "user_notification_setting": "[]", "networks": [], "num_messages": 0, "about_me": "", "url": "[]", "num_followme": 0, "parties": [], "invite_subject": "default", "num_groups": 1, "ethnicity": null, "developer": true, "private_follow": false, "email_notification_setting": "[]", "first_name": "Greg", "last_page_access": -1, "middle_name": null, "upvotes": 0, "supporters": [], "alias": "greggreg", "num_ifollow": 0, "registration_code": null, "num_supporters": 0, "user_title": null, "zipcode": null, "fb_image": "", "confirmed": true, "religion": null, "state": null, "facebook_name": "", "location": null, "anonymous": [], "facebook_id": null, "party": null, "last_answered": "2012-09-01T11:25:04.945", "type": "U", "email": "greg@brown.edu", "website_url": "", "username": "greg", "bio": null, "confirmation_link": "5184588991825952485", "govtrack_id": -1, "currently_in_office": false, "primary_role": null, "politician": false, "created_when": "2012-09-01T11:25:04.945", "invite_message": "default", "num_articles": 0, "date_of_birth": null, "facebook_profile_url": "", "dob": null, "elected_official": false, "address": "[]", "num_signatures": 0, "temp_location": null, "old_locations": [], "political_statement": null, "num_answers": 0, "ghost": false, "twitter_user_id": null, "twitter_screen_name": null, "access_token": "", "gender": null, "age": null, "first_login": 0, "custom_notification_settings": [], "nick_name": null, "content_notification_setting": "[]", "num_posts": 0, "blog_url": "", "raw_data": "", "like_minded": null, "view": 24, "political_title": "Citizen", "i_follow": 171499, "user": 4}}, {"pk": 5, "model": "modernpolitics.userprofile", "fields": {"userAddress": null, "last_name": "Johnson", "group_views": [], "num_petitions": 0, "downvotes": 0, "profile_image": null, "group_subscriptions": [171484, 171485, 171518], "political_role": null, "follow_me": 171502, "user_notification_setting": "[]", "networks": [], "num_messages": 0, "about_me": "", "url": "[]", "num_followme": 0, "parties": [], "invite_subject": "default", "num_groups": 2, "ethnicity": null, "developer": true, "private_follow": false, "email_notification_setting": "[]", "first_name": "Randy", "last_page_access": -1, "middle_name": null, "upvotes": 7, "supporters": [], "alias": "randyjohnson", "num_ifollow": 0, "registration_code": null, "num_supporters": 0, "user_title": null, "zipcode": null, "fb_image": "", "confirmed": true, "religion": null, "state": null, "facebook_name": "", "location": null, "anonymous": [], "facebook_id": null, "party": null, "last_answered": "2012-09-01T11:25:06.484", "type": "U", "email": "randy", "website_url": "", "username": "randy", "bio": null, "confirmation_link": "9526384208508350020", "govtrack_id": -1, "currently_in_office": false, "primary_role": null, "politician": false, "created_when": "2012-09-01T11:25:06.484", "invite_message": "default", "num_articles": 0, "date_of_birth": null, "facebook_profile_url": "", "dob": null, "elected_official": false, "address": "[]", "num_signatures": 0, "temp_location": null, "old_locations": [], "political_statement": null, "num_answers": 0, "ghost": false, "twitter_user_id": null, "twitter_screen_name": null, "access_token": "", "gender": null, "age": null, "first_login": 0, "custom_notification_settings": [], "nick_name": null, "content_notification_setting": "[]", "num_posts": 0, "blog_url": "", "raw_data": "", "like_minded": null, "view": 28, "political_title": "Citizen", "i_follow": 171501, "user": 5}}, {"pk": 6, "model": "modernpolitics.userprofile", "fields": {"userAddress": null, "last_name": "Perry", "group_views": [], "num_petitions": 0, "downvotes": 0, "profile_image": null, "group_subscriptions": [171484, 171485], "political_role": null, "follow_me": 171504, "user_notification_setting": "[]", "networks": [], "num_messages": 0, "about_me": "", "url": "[]", "num_followme": 0, "parties": [], "invite_subject": "default", "num_groups": 1, "ethnicity": null, "developer": true, "private_follow": false, "email_notification_setting": "[]", "first_name": "Katy", "last_page_access": -1, "middle_name": null, "upvotes": 59, "supporters": [], "alias": "katyperry", "num_ifollow": 0, "registration_code": null, "num_supporters": 0, "user_title": null, "zipcode": null, "fb_image": "", "confirmed": true, "religion": null, "state": null, "facebook_name": "", "location": null, "anonymous": [], "facebook_id": null, "party": null, "last_answered": "2012-09-01T11:25:36.438", "type": "U", "email": "katy", "website_url": "", "username": "katy", "bio": null, "confirmation_link": "3551907346209615045", "govtrack_id": -1, "currently_in_office": false, "primary_role": null, "politician": false, "created_when": "2012-09-01T11:25:07.175", "invite_message": "default", "num_articles": 0, "date_of_birth": null, "facebook_profile_url": "", "dob": null, "elected_official": false, "address": "[]", "num_signatures": 0, "temp_location": null, "old_locations": [], "political_statement": null, "num_answers": 55, "ghost": false, "twitter_user_id": null, "twitter_screen_name": null, "access_token": "", "gender": null, "age": null, "first_login": 0, "custom_notification_settings": [], "nick_name": null, "content_notification_setting": "[]", "num_posts": 0, "blog_url": "", "raw_data": "", "like_minded": null, "view": 32, "political_title": "Citizen", "i_follow": 171503, "user": 6}}, {"pk": 7, "model": "modernpolitics.userprofile", "fields": {"userAddress": null, "last_name": "Stalin", "group_views": [], "num_petitions": 0, "downvotes": 0, "profile_image": null, "group_subscriptions": [171484, 171485], "political_role": null, "follow_me": 171506, "user_notification_setting": "[]", "networks": [], "num_messages": 0, "about_me": "", "url": "[]", "num_followme": 0, "parties": [], "invite_subject": "default", "num_groups": 1, "ethnicity": null, "developer": true, "private_follow": false, "email_notification_setting": "[]", "first_name": "Joseph", "last_page_access": -1, "middle_name": null, "upvotes": 1, "supporters": [], "alias": "josephstalin", "num_ifollow": 0, "registration_code": null, "num_supporters": 0, "user_title": null, "zipcode": null, "fb_image": "", "confirmed": true, "religion": null, "state": null, "facebook_name": "", "location": null, "anonymous": [], "facebook_id": null, "party": null, "last_answered": "2012-09-01T11:25:07.848", "type": "U", "email": "stalin", "website_url": "", "username": "stalin", "bio": null, "confirmation_link": "5138985905008357855", "govtrack_id": -1, "currently_in_office": false, "primary_role": null, "politician": false, "created_when": "2012-09-01T11:25:07.848", "invite_message": "default", "num_articles": 0, "date_of_birth": null, "facebook_profile_url": "", "dob": null, "elected_official": false, "address": "[]", "num_signatures": 0, "temp_location": null, "old_locations": [], "political_statement": null, "num_answers": 0, "ghost": false, "twitter_user_id": null, "twitter_screen_name": null, "access_token": "", "gender": null, "age": null, "first_login": 0, "custom_notification_settings": [], "nick_name": null, "content_notification_setting": "[]", "num_posts": 0, "blog_url": "", "raw_data": "", "like_minded": null, "view": 36, "political_title": "Citizen", "i_follow": 171505, "user": 7}}, {"pk": 8, "model": "modernpolitics.userprofile", "fields": {"userAddress": null, "last_name": "Bob", "group_views": [], "num_petitions": 0, "downvotes": 0, "profile_image": null, "group_subscriptions": [171484, 171485], "political_role": null, "follow_me": 171508, "user_notification_setting": "[]", "networks": [], "num_messages": 0, "about_me": "", "url": "[]", "num_followme": 0, "parties": [], "invite_subject": "default", "num_groups": 1, "ethnicity": null, "developer": false, "private_follow": false, "email_notification_setting": "[]", "first_name": "Normal", "last_page_access": -1, "middle_name": null, "upvotes": 0, "supporters": [], "alias": "normalbob", "num_ifollow": 0, "registration_code": null, "num_supporters": 0, "user_title": null, "zipcode": null, "fb_image": "", "confirmed": true, "religion": null, "state": null, "facebook_name": "", "location": null, "anonymous": [], "facebook_id": null, "party": null, "last_answered": "2012-09-01T11:25:08.602", "type": "U", "email": "normal@gmail.com", "website_url": "", "username": "normal@gmail.com", "bio": null, "confirmation_link": "3105782359985978569", "govtrack_id": -1, "currently_in_office": false, "primary_role": null, "politician": false, "created_when": "2012-09-01T11:25:08.602", "invite_message": "default", "num_articles": 0, "date_of_birth": null, "facebook_profile_url": "", "dob": null, "elected_official": false, "address": "[]", "num_signatures": 0, "temp_location": null, "old_locations": [], "political_statement": null, "num_answers": 0, "ghost": false, "twitter_user_id": null, "twitter_screen_name": null, "access_token": "", "gender": null, "age": null, "first_login": 0, "custom_notification_settings": [], "nick_name": null, "content_notification_setting": "[]", "num_posts": 0, "blog_url": "", "raw_data": "", "like_minded": null, "view": 40, "political_title": "Citizen", "i_follow": 171507, "user": 8}}, {"pk": 9, "model": "modernpolitics.userprofile", "fields": {"userAddress": null, "last_name": "Bush", "group_views": [], "num_petitions": 0, "downvotes": 0, "profile_image": null, "group_subscriptions": [171484, 171485], "political_role": null, "follow_me": 171510, "user_notification_setting": "[]", "networks": [], "num_messages": 0, "about_me": "", "url": "[]", "num_followme": 0, "parties": [], "invite_subject": "default", "num_groups": 1, "ethnicity": null, "developer": false, "private_follow": false, "email_notification_setting": "[]", "first_name": "George", "last_page_access": -1, "middle_name": null, "upvotes": 0, "supporters": [], "alias": "georgebush", "num_ifollow": 0, "registration_code": null, "num_supporters": 0, "user_title": null, "zipcode": null, "fb_image": "", "confirmed": true, "religion": null, "state": null, "facebook_name": "", "location": null, "anonymous": [], "facebook_id": null, "party": null, "last_answered": "2012-09-01T11:25:09.568", "type": "U", "email": "george@gmail.com", "website_url": "", "username": "george@gmail.com", "bio": null, "confirmation_link": "9718665831018440303", "govtrack_id": -1, "currently_in_office": false, "primary_role": null, "politician": true, "created_when": "2012-09-01T11:25:09.568", "invite_message": "default", "num_articles": 0, "date_of_birth": null, "facebook_profile_url": "", "dob": null, "elected_official": false, "address": "[]", "num_signatures": 0, "temp_location": null, "old_locations": [], "political_statement": null, "num_answers": 0, "ghost": true, "twitter_user_id": null, "twitter_screen_name": null, "access_token": "", "gender": null, "age": null, "first_login": 0, "custom_notification_settings": [], "nick_name": null, "content_notification_setting": "[]", "num_posts": 0, "blog_url": "", "raw_data": "", "like_minded": null, "view": 44, "political_title": "Citizen", "i_follow": 171509, "user": 9}}, {"pk": 1, "model": "modernpolitics.controllinguser", "fields": {"user_permissions": [], "user_profile": 1, "prohibited_actions": "[]", "groups": [], "permissions": null}}, {"pk": 2, "model": "modernpolitics.controllinguser", "fields": {"user_permissions": [], "user_profile": 2, "prohibited_actions": "[]", "groups": [], "permissions": null}}, {"pk": 3, "model": "modernpolitics.controllinguser", "fields": {"user_permissions": [], "user_profile": 3, "prohibited_actions": "[]", "groups": [], "permissions": null}}, {"pk": 4, "model": "modernpolitics.controllinguser", "fields": {"user_permissions": [], "user_profile": 4, "prohibited_actions": "[]", "groups": [], "permissions": null}}, {"pk": 5, "model": "modernpolitics.controllinguser", "fields": {"user_permissions": [], "user_profile": 5, "prohibited_actions": "[]", "groups": [], "permissions": null}}, {"pk": 6, "model": "modernpolitics.controllinguser", "fields": {"user_permissions": [], "user_profile": 6, "prohibited_actions": "[]", "groups": [], "permissions": null}}, {"pk": 7, "model": "modernpolitics.controllinguser", "fields": {"user_permissions": [], "user_profile": 7, "prohibited_actions": "[]", "groups": [], "permissions": null}}, {"pk": 8, "model": "modernpolitics.controllinguser", "fields": {"user_permissions": [], "user_profile": 8, "prohibited_actions": "[]", "groups": [], "permissions": null}}, {"pk": 9, "model": "modernpolitics.controllinguser", "fields": {"user_permissions": [], "user_profile": 9, "prohibited_actions": "[]", "groups": [], "permissions": null}}, {"pk": 1, "model": "modernpolitics.action", "fields": {"creator": 1, "when": "2012-09-01T11:24:49.312", "user": 1, "action_type": "CR", "privacy": "PUB"}}, {"pk": 2, "model": "modernpolitics.action", "fields": {"creator": 1, "when": "2012-09-01T11:24:49.361", "user": 1, "action_type": "VO", "privacy": "PRI"}}, {"pk": 3, "model": "modernpolitics.action", "fields": {"creator": 1, "when": "2012-09-01T11:24:49.516", "user": 1, "action_type": "CR", "privacy": "PUB"}}, {"pk": 4, "model": "modernpolitics.action", "fields": {"creator": 1, "when": "2012-09-01T11:24:49.682", "user": 1, "action_type": "VO", "privacy": "PRI"}}, {"pk": 5, "model": "modernpolitics.action", "fields": {"creator": 1, "when": "2012-09-01T11:24:49.910", "user": 1, "action_type": "CR", "privacy": "PUB"}}, {"pk": 6, "model": "modernpolitics.action", "fields": {"creator": 1, "when": "2012-09-01T11:24:50.084", "user": 1, "action_type": "VO", "privacy": "PRI"}}, {"pk": 7, "model": "modernpolitics.action", "fields": {"creator": 1, "when": "2012-09-01T11:24:50.193", "user": 1, "action_type": "CR", "privacy": "PUB"}}, {"pk": 8, "model": "modernpolitics.action", "fields": {"creator": 1, "when": "2012-09-01T11:24:50.488", "user": 1, "action_type": "GF", "privacy": "PRI"}}, {"pk": 9, "model": "modernpolitics.action", "fields": {"creator": 1, "when": "2012-09-01T11:24:50.827", "user": 1, "action_type": "CR", "privacy": "PUB"}}, {"pk": 10, "model": "modernpolitics.action", "fields": {"creator": 1, "when": "2012-09-01T11:24:51.093", "user": 1, "action_type": "VO", "privacy": "PRI"}}, {"pk": 11, "model": "modernpolitics.action", "fields": {"creator": 1, "when": "2012-09-01T11:24:51.233", "user": 1, "action_type": "GF", "privacy": "PRI"}}, {"pk": 12, "model": "modernpolitics.action", "fields": {"creator": 1, "when": "2012-09-01T11:24:51.393", "user": 1, "action_type": "CR", "privacy": "PUB"}}, {"pk": 13, "model": "modernpolitics.action", "fields": {"creator": 1, "when": "2012-09-01T11:24:51.616", "user": 1, "action_type": "VO", "privacy": "PRI"}}, {"pk": 14, "model": "modernpolitics.action", "fields": {"creator": 1, "when": "2012-09-01T11:24:53.236", "user": 1, "action_type": "CR", "privacy": "PUB"}}, {"pk": 15, "model": "modernpolitics.action", "fields": {"creator": 1, "when": "2012-09-01T11:24:53.289", "user": 1, "action_type": "VO", "privacy": "PRI"}}, {"pk": 16, "model": "modernpolitics.action", "fields": {"creator": 1, "when": "2012-09-01T11:24:53.453", "user": 1, "action_type": "CR", "privacy": "PUB"}}, {"pk": 17, "model": "modernpolitics.action", "fields": {"creator": 1, "when": "2012-09-01T11:24:53.658", "user": 1, "action_type": "VO", "privacy": "PRI"}}, {"pk": 18, "model": "modernpolitics.action", "fields": {"creator": 1, "when": "2012-09-01T11:24:54.284", "user": 1, "action_type": "CR", "privacy": "PUB"}}, {"pk": 19, "model": "modernpolitics.action", "fields": {"creator": 1, "when": "2012-09-01T11:24:55.406", "user": 1, "action_type": "VO", "privacy": "PRI"}}, {"pk": 20, "model": "modernpolitics.action", "fields": {"creator": 1, "when": "2012-09-01T11:24:55.660", "user": 1, "action_type": "CR", "privacy": "PUB"}}, {"pk": 21, "model": "modernpolitics.action", "fields": {"creator": 1, "when": "2012-09-01T11:24:55.710", "user": 1, "action_type": "VO", "privacy": "PRI"}}, {"pk": 22, "model": "modernpolitics.action", "fields": {"creator": 1, "when": "2012-09-01T11:24:55.816", "user": 1, "action_type": "CR", "privacy": "PUB"}}, {"pk": 23, "model": "modernpolitics.action", "fields": {"creator": 1, "when": "2012-09-01T11:24:55.924", "user": 1, "action_type": "VO", "privacy": "PRI"}}, {"pk": 24, "model": "modernpolitics.action", "fields": {"creator": 1, "when": "2012-09-01T11:24:56.330", "user": 1, "action_type": "CR", "privacy": "PUB"}}, {"pk": 25, "model": "modernpolitics.action", "fields": {"creator": 1, "when": "2012-09-01T11:24:56.602", "user": 1, "action_type": "VO", "privacy": "PRI"}}, {"pk": 26, "model": "modernpolitics.action", "fields": {"creator": 1, "when": "2012-09-01T11:24:57.304", "user": 1, "action_type": "CR", "privacy": "PUB"}}, {"pk": 27, "model": "modernpolitics.action", "fields": {"creator": 1, "when": "2012-09-01T11:24:57.361", "user": 1, "action_type": "VO", "privacy": "PRI"}}, {"pk": 28, "model": "modernpolitics.action", "fields": {"creator": 1, "when": "2012-09-01T11:24:58.182", "user": 1, "action_type": "CR", "privacy": "PUB"}}, {"pk": 29, "model": "modernpolitics.action", "fields": {"creator": 1, "when": "2012-09-01T11:24:58.255", "user": 1, "action_type": "VO", "privacy": "PRI"}}, {"pk": 30, "model": "modernpolitics.action", "fields": {"creator": 1, "when": "2012-09-01T11:24:58.460", "user": 1, "action_type": "CR", "privacy": "PUB"}}, {"pk": 31, "model": "modernpolitics.action", "fields": {"creator": 1, "when": "2012-09-01T11:24:58.553", "user": 1, "action_type": "VO", "privacy": "PRI"}}, {"pk": 32, "model": "modernpolitics.action", "fields": {"creator": 1, "when": "2012-09-01T11:25:02.134", "user": 1, "action_type": "CR", "privacy": "PUB"}}, {"pk": 33, "model": "modernpolitics.action", "fields": {"creator": 1, "when": "2012-09-01T11:25:02.899", "user": 1, "action_type": "VO", "privacy": "PRI"}}, {"pk": 34, "model": "modernpolitics.action", "fields": {"creator": 1, "when": "2012-09-01T11:25:03.503", "user": 1, "action_type": "CR", "privacy": "PUB"}}, {"pk": 35, "model": "modernpolitics.action", "fields": {"creator": 1, "when": "2012-09-01T11:25:03.787", "user": 1, "action_type": "VO", "privacy": "PRI"}}, {"pk": 36, "model": "modernpolitics.action", "fields": {"creator": 2, "when": "2012-09-01T11:25:04.018", "user": 2, "action_type": "GF", "privacy": "PRI"}}, {"pk": 37, "model": "modernpolitics.action", "fields": {"creator": 1, "when": "2012-09-01T11:25:04.088", "user": 1, "action_type": "CR", "privacy": "PUB"}}, {"pk": 38, "model": "modernpolitics.action", "fields": {"creator": 1, "when": "2012-09-01T11:25:04.154", "user": 1, "action_type": "VO", "privacy": "PRI"}}, {"pk": 39, "model": "modernpolitics.action", "fields": {"creator": 1, "when": "2012-09-01T11:25:04.377", "user": 1, "action_type": "CR", "privacy": "PUB"}}, {"pk": 40, "model": "modernpolitics.action", "fields": {"creator": 1, "when": "2012-09-01T11:25:04.498", "user": 1, "action_type": "VO", "privacy": "PRI"}}, {"pk": 41, "model": "modernpolitics.action", "fields": {"creator": 3, "when": "2012-09-01T11:25:04.716", "user": 3, "action_type": "GF", "privacy": "PRI"}}, {"pk": 42, "model": "modernpolitics.action", "fields": {"creator": 3, "when": "2012-09-01T11:25:04.787", "user": 3, "action_type": "GF", "privacy": "PRI"}}, {"pk": 43, "model": "modernpolitics.action", "fields": {"creator": 1, "when": "2012-09-01T11:25:05.255", "user": 1, "action_type": "CR", "privacy": "PUB"}}, {"pk": 44, "model": "modernpolitics.action", "fields": {"creator": 1, "when": "2012-09-01T11:25:05.431", "user": 1, "action_type": "VO", "privacy": "PRI"}}, {"pk": 45, "model": "modernpolitics.action", "fields": {"creator": 1, "when": "2012-09-01T11:25:06.028", "user": 1, "action_type": "CR", "privacy": "PUB"}}, {"pk": 46, "model": "modernpolitics.action", "fields": {"creator": 2, "when": "2012-09-01T11:25:06.088", "user": 2, "action_type": "GF", "privacy": "PRI"}}, {"pk": 47, "model": "modernpolitics.action", "fields": {"creator": 1, "when": "2012-09-01T11:25:06.132", "user": 1, "action_type": "VO", "privacy": "PRI"}}, {"pk": 48, "model": "modernpolitics.action", "fields": {"creator": 4, "when": "2012-09-01T11:25:06.254", "user": 4, "action_type": "GF", "privacy": "PRI"}}, {"pk": 49, "model": "modernpolitics.action", "fields": {"creator": 4, "when": "2012-09-01T11:25:06.291", "user": 4, "action_type": "GF", "privacy": "PRI"}}, {"pk": 50, "model": "modernpolitics.action", "fields": {"creator": 1, "when": "2012-09-01T11:25:06.556", "user": 1, "action_type": "CR", "privacy": "PUB"}}, {"pk": 51, "model": "modernpolitics.action", "fields": {"creator": 1, "when": "2012-09-01T11:25:06.602", "user": 1, "action_type": "VO", "privacy": "PRI"}}, {"pk": 52, "model": "modernpolitics.action", "fields": {"creator": 1, "when": "2012-09-01T11:25:06.668", "user": 1, "action_type": "CR", "privacy": "PUB"}}, {"pk": 53, "model": "modernpolitics.action", "fields": {"creator": 1, "when": "2012-09-01T11:25:06.736", "user": 1, "action_type": "VO", "privacy": "PRI"}}, {"pk": 54, "model": "modernpolitics.action", "fields": {"creator": 5, "when": "2012-09-01T11:25:06.895", "user": 5, "action_type": "GF", "privacy": "PRI"}}, {"pk": 55, "model": "modernpolitics.action", "fields": {"creator": 5, "when": "2012-09-01T11:25:06.939", "user": 5, "action_type": "GF", "privacy": "PRI"}}, {"pk": 56, "model": "modernpolitics.action", "fields": {"creator": 1, "when": "2012-09-01T11:25:07.249", "user": 1, "action_type": "CR", "privacy": "PUB"}}, {"pk": 57, "model": "modernpolitics.action", "fields": {"creator": 1, "when": "2012-09-01T11:25:07.354", "user": 1, "action_type": "VO", "privacy": "PRI"}}, {"pk": 58, "model": "modernpolitics.action", "fields": {"creator": 1, "when": "2012-09-01T11:25:07.491", "user": 1, "action_type": "CR", "privacy": "PUB"}}, {"pk": 59, "model": "modernpolitics.action", "fields": {"creator": 1, "when": "2012-09-01T11:25:07.551", "user": 1, "action_type": "VO", "privacy": "PRI"}}, {"pk": 60, "model": "modernpolitics.action", "fields": {"creator": 6, "when": "2012-09-01T11:25:07.643", "user": 6, "action_type": "GF", "privacy": "PRI"}}, {"pk": 61, "model": "modernpolitics.action", "fields": {"creator": 6, "when": "2012-09-01T11:25:07.673", "user": 6, "action_type": "GF", "privacy": "PRI"}}, {"pk": 62, "model": "modernpolitics.action", "fields": {"creator": 1, "when": "2012-09-01T11:25:07.901", "user": 1, "action_type": "CR", "privacy": "PUB"}}, {"pk": 63, "model": "modernpolitics.action", "fields": {"creator": 1, "when": "2012-09-01T11:25:07.946", "user": 1, "action_type": "VO", "privacy": "PRI"}}, {"pk": 64, "model": "modernpolitics.action", "fields": {"creator": 1, "when": "2012-09-01T11:25:08.001", "user": 1, "action_type": "CR", "privacy": "PUB"}}, {"pk": 65, "model": "modernpolitics.action", "fields": {"creator": 1, "when": "2012-09-01T11:25:08.048", "user": 1, "action_type": "VO", "privacy": "PRI"}}, {"pk": 66, "model": "modernpolitics.action", "fields": {"creator": 7, "when": "2012-09-01T11:25:08.245", "user": 7, "action_type": "GF", "privacy": "PRI"}}, {"pk": 67, "model": "modernpolitics.action", "fields": {"creator": 7, "when": "2012-09-01T11:25:08.311", "user": 7, "action_type": "GF", "privacy": "PRI"}}, {"pk": 68, "model": "modernpolitics.action", "fields": {"creator": 1, "when": "2012-09-01T11:25:08.655", "user": 1, "action_type": "CR", "privacy": "PUB"}}, {"pk": 69, "model": "modernpolitics.action", "fields": {"creator": 1, "when": "2012-09-01T11:25:08.723", "user": 1, "action_type": "VO", "privacy": "PRI"}}, {"pk": 70, "model": "modernpolitics.action", "fields": {"creator": 1, "when": "2012-09-01T11:25:08.816", "user": 1, "action_type": "CR", "privacy": "PUB"}}, {"pk": 71, "model": "modernpolitics.action", "fields": {"creator": 1, "when": "2012-09-01T11:25:08.921", "user": 1, "action_type": "VO", "privacy": "PRI"}}, {"pk": 72, "model": "modernpolitics.action", "fields": {"creator": 8, "when": "2012-09-01T11:25:09.066", "user": 8, "action_type": "GF", "privacy": "PRI"}}, {"pk": 73, "model": "modernpolitics.action", "fields": {"creator": 8, "when": "2012-09-01T11:25:09.124", "user": 8, "action_type": "GF", "privacy": "PRI"}}, {"pk": 74, "model": "modernpolitics.action", "fields": {"creator": 1, "when": "2012-09-01T11:25:09.693", "user": 1, "action_type": "CR", "privacy": "PUB"}}, {"pk": 75, "model": "modernpolitics.action", "fields": {"creator": 1, "when": "2012-09-01T11:25:09.755", "user": 1, "action_type": "VO", "privacy": "PRI"}}, {"pk": 76, "model": "modernpolitics.action", "fields": {"creator": 1, "when": "2012-09-01T11:25:09.813", "user": 1, "action_type": "CR", "privacy": "PUB"}}, {"pk": 77, "model": "modernpolitics.action", "fields": {"creator": 1, "when": "2012-09-01T11:25:09.867", "user": 1, "action_type": "VO", "privacy": "PRI"}}, {"pk": 78, "model": "modernpolitics.action", "fields": {"creator": 9, "when": "2012-09-01T11:25:09.961", "user": 9, "action_type": "GF", "privacy": "PRI"}}, {"pk": 79, "model": "modernpolitics.action", "fields": {"creator": 9, "when": "2012-09-01T11:25:10.028", "user": 9, "action_type": "GF", "privacy": "PRI"}}, {"pk": 80, "model": "modernpolitics.action", "fields": {"creator": 5, "when": "2012-09-01T11:25:10.250", "user": 5, "action_type": "CR", "privacy": "PUB"}}, {"pk": 81, "model": "modernpolitics.action", "fields": {"creator": 5, "when": "2012-09-01T11:25:10.321", "user": 5, "action_type": "VO", "privacy": "PRI"}}, {"pk": 82, "model": "modernpolitics.action", "fields": {"creator": 5, "when": "2012-09-01T11:25:10.382", "user": 5, "action_type": "CR", "privacy": "PUB"}}, {"pk": 83, "model": "modernpolitics.action", "fields": {"creator": 5, "when": "2012-09-01T11:25:10.512", "user": 5, "action_type": "VO", "privacy": "PRI"}}, {"pk": 84, "model": "modernpolitics.action", "fields": {"creator": 5, "when": "2012-09-01T11:25:10.565", "user": 5, "action_type": "CR", "privacy": "PUB"}}, {"pk": 85, "model": "modernpolitics.action", "fields": {"creator": 5, "when": "2012-09-01T11:25:10.677", "user": 5, "action_type": "VO", "privacy": "PRI"}}, {"pk": 86, "model": "modernpolitics.action", "fields": {"creator": 5, "when": "2012-09-01T11:25:10.797", "user": 5, "action_type": "CR", "privacy": "PUB"}}, {"pk": 87, "model": "modernpolitics.action", "fields": {"creator": 5, "when": "2012-09-01T11:25:10.954", "user": 5, "action_type": "VO", "privacy": "PRI"}}, {"pk": 88, "model": "modernpolitics.action", "fields": {"creator": 1, "when": "2012-09-01T11:25:11.150", "user": 1, "action_type": "CR", "privacy": "PUB"}}, {"pk": 89, "model": "modernpolitics.action", "fields": {"creator": 1, "when": "2012-09-01T11:25:11.276", "user": 1, "action_type": "VO", "privacy": "PRI"}}, {"pk": 90, "model": "modernpolitics.action", "fields": {"creator": 1, "when": "2012-09-01T11:25:11.373", "user": 1, "action_type": "CR", "privacy": "PUB"}}, {"pk": 91, "model": "modernpolitics.action", "fields": {"creator": 1, "when": "2012-09-01T11:25:11.501", "user": 1, "action_type": "VO", "privacy": "PRI"}}, {"pk": 92, "model": "modernpolitics.action", "fields": {"creator": 5, "when": "2012-09-01T11:25:11.741", "user": 5, "action_type": "GF", "privacy": "PRI"}}, {"pk": 93, "model": "modernpolitics.action", "fields": {"creator": 1, "when": "2012-09-01T11:25:11.873", "user": 1, "action_type": "CR", "privacy": "PUB"}}, {"pk": 94, "model": "modernpolitics.action", "fields": {"creator": 1, "when": "2012-09-01T11:25:12.010", "user": 1, "action_type": "VO", "privacy": "PRI"}}, {"pk": 95, "model": "modernpolitics.action", "fields": {"creator": 1, "when": "2012-09-01T11:25:12.098", "user": 1, "action_type": "CR", "privacy": "PUB"}}, {"pk": 96, "model": "modernpolitics.action", "fields": {"creator": 1, "when": "2012-09-01T11:25:12.205", "user": 1, "action_type": "VO", "privacy": "PRI"}}, {"pk": 97, "model": "modernpolitics.action", "fields": {"creator": 1, "when": "2012-09-01T11:25:12.318", "user": 1, "action_type": "CR", "privacy": "PUB"}}, {"pk": 98, "model": "modernpolitics.action", "fields": {"creator": 1, "when": "2012-09-01T11:25:12.432", "user": 1, "action_type": "VO", "privacy": "PRI"}}, {"pk": 99, "model": "modernpolitics.action", "fields": {"creator": 6, "when": "2012-09-01T11:25:12.528", "user": 6, "action_type": "CR", "privacy": "PUB"}}, {"pk": 100, "model": "modernpolitics.action", "fields": {"creator": 6, "when": "2012-09-01T11:25:12.655", "user": 6, "action_type": "VO", "privacy": "PRI"}}, {"pk": 101, "model": "modernpolitics.action", "fields": {"creator": 6, "when": "2012-09-01T11:25:12.934", "user": 6, "action_type": "VO", "privacy": "PRI"}}, {"pk": 102, "model": "modernpolitics.action", "fields": {"creator": 6, "when": "2012-09-01T11:25:13.015", "user": 6, "action_type": "CR", "privacy": "PUB"}}, {"pk": 103, "model": "modernpolitics.action", "fields": {"creator": 6, "when": "2012-09-01T11:25:13.154", "user": 6, "action_type": "VO", "privacy": "PRI"}}, {"pk": 104, "model": "modernpolitics.action", "fields": {"creator": 6, "when": "2012-09-01T11:25:13.399", "user": 6, "action_type": "VO", "privacy": "PRI"}}, {"pk": 105, "model": "modernpolitics.action", "fields": {"creator": 6, "when": "2012-09-01T11:25:13.517", "user": 6, "action_type": "CR", "privacy": "PUB"}}, {"pk": 106, "model": "modernpolitics.action", "fields": {"creator": 6, "when": "2012-09-01T11:25:13.588", "user": 6, "action_type": "VO", "privacy": "PRI"}}, {"pk": 107, "model": "modernpolitics.action", "fields": {"creator": 6, "when": "2012-09-01T11:25:13.752", "user": 6, "action_type": "VO", "privacy": "PRI"}}, {"pk": 108, "model": "modernpolitics.action", "fields": {"creator": 6, "when": "2012-09-01T11:25:13.834", "user": 6, "action_type": "CR", "privacy": "PUB"}}, {"pk": 109, "model": "modernpolitics.action", "fields": {"creator": 6, "when": "2012-09-01T11:25:13.988", "user": 6, "action_type": "VO", "privacy": "PRI"}}, {"pk": 110, "model": "modernpolitics.action", "fields": {"creator": 6, "when": "2012-09-01T11:25:14.173", "user": 6, "action_type": "VO", "privacy": "PRI"}}, {"pk": 111, "model": "modernpolitics.action", "fields": {"creator": 6, "when": "2012-09-01T11:25:14.261", "user": 6, "action_type": "CR", "privacy": "PUB"}}, {"pk": 112, "model": "modernpolitics.action", "fields": {"creator": 6, "when": "2012-09-01T11:25:14.377", "user": 6, "action_type": "VO", "privacy": "PRI"}}, {"pk": 113, "model": "modernpolitics.action", "fields": {"creator": 6, "when": "2012-09-01T11:25:14.532", "user": 6, "action_type": "VO", "privacy": "PRI"}}, {"pk": 114, "model": "modernpolitics.action", "fields": {"creator": 6, "when": "2012-09-01T11:25:14.612", "user": 6, "action_type": "CR", "privacy": "PUB"}}, {"pk": 115, "model": "modernpolitics.action", "fields": {"creator": 6, "when": "2012-09-01T11:25:14.766", "user": 6, "action_type": "VO", "privacy": "PRI"}}, {"pk": 116, "model": "modernpolitics.action", "fields": {"creator": 6, "when": "2012-09-01T11:25:15.096", "user": 6, "action_type": "VO", "privacy": "PRI"}}, {"pk": 117, "model": "modernpolitics.action", "fields": {"creator": 6, "when": "2012-09-01T11:25:15.188", "user": 6, "action_type": "CR", "privacy": "PUB"}}, {"pk": 118, "model": "modernpolitics.action", "fields": {"creator": 6, "when": "2012-09-01T11:25:16.201", "user": 6, "action_type": "VO", "privacy": "PRI"}}, {"pk": 119, "model": "modernpolitics.action", "fields": {"creator": 6, "when": "2012-09-01T11:25:16.515", "user": 6, "action_type": "VO", "privacy": "PRI"}}, {"pk": 120, "model": "modernpolitics.action", "fields": {"creator": 6, "when": "2012-09-01T11:25:16.562", "user": 6, "action_type": "CR", "privacy": "PUB"}}, {"pk": 121, "model": "modernpolitics.action", "fields": {"creator": 6, "when": "2012-09-01T11:25:16.612", "user": 6, "action_type": "VO", "privacy": "PRI"}}, {"pk": 122, "model": "modernpolitics.action", "fields": {"creator": 6, "when": "2012-09-01T11:25:16.816", "user": 6, "action_type": "VO", "privacy": "PRI"}}, {"pk": 123, "model": "modernpolitics.action", "fields": {"creator": 6, "when": "2012-09-01T11:25:16.917", "user": 6, "action_type": "CR", "privacy": "PUB"}}, {"pk": 124, "model": "modernpolitics.action", "fields": {"creator": 6, "when": "2012-09-01T11:25:16.987", "user": 6, "action_type": "VO", "privacy": "PRI"}}, {"pk": 125, "model": "modernpolitics.action", "fields": {"creator": 6, "when": "2012-09-01T11:25:17.162", "user": 6, "action_type": "VO", "privacy": "PRI"}}, {"pk": 126, "model": "modernpolitics.action", "fields": {"creator": 6, "when": "2012-09-01T11:25:17.259", "user": 6, "action_type": "CR", "privacy": "PUB"}}, {"pk": 127, "model": "modernpolitics.action", "fields": {"creator": 6, "when": "2012-09-01T11:25:17.332", "user": 6, "action_type": "VO", "privacy": "PRI"}}, {"pk": 128, "model": "modernpolitics.action", "fields": {"creator": 6, "when": "2012-09-01T11:25:17.466", "user": 6, "action_type": "VO", "privacy": "PRI"}}, {"pk": 129, "model": "modernpolitics.action", "fields": {"creator": 6, "when": "2012-09-01T11:25:17.559", "user": 6, "action_type": "CR", "privacy": "PUB"}}, {"pk": 130, "model": "modernpolitics.action", "fields": {"creator": 6, "when": "2012-09-01T11:25:17.685", "user": 6, "action_type": "VO", "privacy": "PRI"}}, {"pk": 131, "model": "modernpolitics.action", "fields": {"creator": 6, "when": "2012-09-01T11:25:17.852", "user": 6, "action_type": "VO", "privacy": "PRI"}}, {"pk": 132, "model": "modernpolitics.action", "fields": {"creator": 6, "when": "2012-09-01T11:25:17.959", "user": 6, "action_type": "CR", "privacy": "PUB"}}, {"pk": 133, "model": "modernpolitics.action", "fields": {"creator": 6, "when": "2012-09-01T11:25:18.064", "user": 6, "action_type": "VO", "privacy": "PRI"}}, {"pk": 134, "model": "modernpolitics.action", "fields": {"creator": 6, "when": "2012-09-01T11:25:18.229", "user": 6, "action_type": "VO", "privacy": "PRI"}}, {"pk": 135, "model": "modernpolitics.action", "fields": {"creator": 6, "when": "2012-09-01T11:25:18.363", "user": 6, "action_type": "CR", "privacy": "PUB"}}, {"pk": 136, "model": "modernpolitics.action", "fields": {"creator": 6, "when": "2012-09-01T11:25:18.441", "user": 6, "action_type": "VO", "privacy": "PRI"}}, {"pk": 137, "model": "modernpolitics.action", "fields": {"creator": 6, "when": "2012-09-01T11:25:18.596", "user": 6, "action_type": "VO", "privacy": "PRI"}}, {"pk": 138, "model": "modernpolitics.action", "fields": {"creator": 6, "when": "2012-09-01T11:25:18.686", "user": 6, "action_type": "CR", "privacy": "PUB"}}, {"pk": 139, "model": "modernpolitics.action", "fields": {"creator": 6, "when": "2012-09-01T11:25:18.820", "user": 6, "action_type": "VO", "privacy": "PRI"}}, {"pk": 140, "model": "modernpolitics.action", "fields": {"creator": 6, "when": "2012-09-01T11:25:18.998", "user": 6, "action_type": "VO", "privacy": "PRI"}}, {"pk": 141, "model": "modernpolitics.action", "fields": {"creator": 6, "when": "2012-09-01T11:25:19.102", "user": 6, "action_type": "CR", "privacy": "PUB"}}, {"pk": 142, "model": "modernpolitics.action", "fields": {"creator": 6, "when": "2012-09-01T11:25:19.218", "user": 6, "action_type": "VO", "privacy": "PRI"}}, {"pk": 143, "model": "modernpolitics.action", "fields": {"creator": 6, "when": "2012-09-01T11:25:19.387", "user": 6, "action_type": "VO", "privacy": "PRI"}}, {"pk": 144, "model": "modernpolitics.action", "fields": {"creator": 6, "when": "2012-09-01T11:25:19.491", "user": 6, "action_type": "CR", "privacy": "PUB"}}, {"pk": 145, "model": "modernpolitics.action", "fields": {"creator": 6, "when": "2012-09-01T11:25:19.565", "user": 6, "action_type": "VO", "privacy": "PRI"}}, {"pk": 146, "model": "modernpolitics.action", "fields": {"creator": 6, "when": "2012-09-01T11:25:19.741", "user": 6, "action_type": "VO", "privacy": "PRI"}}, {"pk": 147, "model": "modernpolitics.action", "fields": {"creator": 6, "when": "2012-09-01T11:25:19.814", "user": 6, "action_type": "CR", "privacy": "PUB"}}, {"pk": 148, "model": "modernpolitics.action", "fields": {"creator": 6, "when": "2012-09-01T11:25:19.944", "user": 6, "action_type": "VO", "privacy": "PRI"}}, {"pk": 149, "model": "modernpolitics.action", "fields": {"creator": 6, "when": "2012-09-01T11:25:20.098", "user": 6, "action_type": "VO", "privacy": "PRI"}}, {"pk": 150, "model": "modernpolitics.action", "fields": {"creator": 6, "when": "2012-09-01T11:25:20.159", "user": 6, "action_type": "CR", "privacy": "PUB"}}, {"pk": 151, "model": "modernpolitics.action", "fields": {"creator": 6, "when": "2012-09-01T11:25:20.298", "user": 6, "action_type": "VO", "privacy": "PRI"}}, {"pk": 152, "model": "modernpolitics.action", "fields": {"creator": 6, "when": "2012-09-01T11:25:20.508", "user": 6, "action_type": "VO", "privacy": "PRI"}}, {"pk": 153, "model": "modernpolitics.action", "fields": {"creator": 6, "when": "2012-09-01T11:25:20.663", "user": 6, "action_type": "CR", "privacy": "PUB"}}, {"pk": 154, "model": "modernpolitics.action", "fields": {"creator": 6, "when": "2012-09-01T11:25:20.751", "user": 6, "action_type": "VO", "privacy": "PRI"}}, {"pk": 155, "model": "modernpolitics.action", "fields": {"creator": 6, "when": "2012-09-01T11:25:20.932", "user": 6, "action_type": "VO", "privacy": "PRI"}}, {"pk": 156, "model": "modernpolitics.action", "fields": {"creator": 6, "when": "2012-09-01T11:25:21.104", "user": 6, "action_type": "CR", "privacy": "PUB"}}, {"pk": 157, "model": "modernpolitics.action", "fields": {"creator": 6, "when": "2012-09-01T11:25:21.286", "user": 6, "action_type": "VO", "privacy": "PRI"}}, {"pk": 158, "model": "modernpolitics.action", "fields": {"creator": 6, "when": "2012-09-01T11:25:21.576", "user": 6, "action_type": "VO", "privacy": "PRI"}}, {"pk": 159, "model": "modernpolitics.action", "fields": {"creator": 6, "when": "2012-09-01T11:25:21.682", "user": 6, "action_type": "CR", "privacy": "PUB"}}, {"pk": 160, "model": "modernpolitics.action", "fields": {"creator": 6, "when": "2012-09-01T11:25:21.808", "user": 6, "action_type": "VO", "privacy": "PRI"}}, {"pk": 161, "model": "modernpolitics.action", "fields": {"creator": 6, "when": "2012-09-01T11:25:21.974", "user": 6, "action_type": "VO", "privacy": "PRI"}}, {"pk": 162, "model": "modernpolitics.action", "fields": {"creator": 6, "when": "2012-09-01T11:25:22.158", "user": 6, "action_type": "CR", "privacy": "PUB"}}, {"pk": 163, "model": "modernpolitics.action", "fields": {"creator": 6, "when": "2012-09-01T11:25:22.252", "user": 6, "action_type": "VO", "privacy": "PRI"}}, {"pk": 164, "model": "modernpolitics.action", "fields": {"creator": 6, "when": "2012-09-01T11:25:22.464", "user": 6, "action_type": "VO", "privacy": "PRI"}}, {"pk": 165, "model": "modernpolitics.action", "fields": {"creator": 6, "when": "2012-09-01T11:25:22.536", "user": 6, "action_type": "CR", "privacy": "PUB"}}, {"pk": 166, "model": "modernpolitics.action", "fields": {"creator": 6, "when": "2012-09-01T11:25:22.607", "user": 6, "action_type": "VO", "privacy": "PRI"}}, {"pk": 167, "model": "modernpolitics.action", "fields": {"creator": 6, "when": "2012-09-01T11:25:22.765", "user": 6, "action_type": "VO", "privacy": "PRI"}}, {"pk": 168, "model": "modernpolitics.action", "fields": {"creator": 6, "when": "2012-09-01T11:25:22.892", "user": 6, "action_type": "CR", "privacy": "PUB"}}, {"pk": 169, "model": "modernpolitics.action", "fields": {"creator": 6, "when": "2012-09-01T11:25:22.987", "user": 6, "action_type": "VO", "privacy": "PRI"}}, {"pk": 170, "model": "modernpolitics.action", "fields": {"creator": 6, "when": "2012-09-01T11:25:23.231", "user": 6, "action_type": "VO", "privacy": "PRI"}}, {"pk": 171, "model": "modernpolitics.action", "fields": {"creator": 6, "when": "2012-09-01T11:25:23.358", "user": 6, "action_type": "CR", "privacy": "PUB"}}, {"pk": 172, "model": "modernpolitics.action", "fields": {"creator": 6, "when": "2012-09-01T11:25:23.446", "user": 6, "action_type": "VO", "privacy": "PRI"}}, {"pk": 173, "model": "modernpolitics.action", "fields": {"creator": 6, "when": "2012-09-01T11:25:23.645", "user": 6, "action_type": "VO", "privacy": "PRI"}}, {"pk": 174, "model": "modernpolitics.action", "fields": {"creator": 6, "when": "2012-09-01T11:25:23.776", "user": 6, "action_type": "CR", "privacy": "PUB"}}, {"pk": 175, "model": "modernpolitics.action", "fields": {"creator": 6, "when": "2012-09-01T11:25:23.963", "user": 6, "action_type": "VO", "privacy": "PRI"}}, {"pk": 176, "model": "modernpolitics.action", "fields": {"creator": 6, "when": "2012-09-01T11:25:24.219", "user": 6, "action_type": "VO", "privacy": "PRI"}}, {"pk": 177, "model": "modernpolitics.action", "fields": {"creator": 6, "when": "2012-09-01T11:25:24.315", "user": 6, "action_type": "CR", "privacy": "PUB"}}, {"pk": 178, "model": "modernpolitics.action", "fields": {"creator": 6, "when": "2012-09-01T11:25:24.452", "user": 6, "action_type": "VO", "privacy": "PRI"}}, {"pk": 179, "model": "modernpolitics.action", "fields": {"creator": 6, "when": "2012-09-01T11:25:24.641", "user": 6, "action_type": "VO", "privacy": "PRI"}}, {"pk": 180, "model": "modernpolitics.action", "fields": {"creator": 6, "when": "2012-09-01T11:25:24.748", "user": 6, "action_type": "CR", "privacy": "PUB"}}, {"pk": 181, "model": "modernpolitics.action", "fields": {"creator": 6, "when": "2012-09-01T11:25:24.853", "user": 6, "action_type": "VO", "privacy": "PRI"}}, {"pk": 182, "model": "modernpolitics.action", "fields": {"creator": 6, "when": "2012-09-01T11:25:25.064", "user": 6, "action_type": "VO", "privacy": "PRI"}}, {"pk": 183, "model": "modernpolitics.action", "fields": {"creator": 6, "when": "2012-09-01T11:25:25.137", "user": 6, "action_type": "CR", "privacy": "PUB"}}, {"pk": 184, "model": "modernpolitics.action", "fields": {"creator": 6, "when": "2012-09-01T11:25:25.263", "user": 6, "action_type": "VO", "privacy": "PRI"}}, {"pk": 185, "model": "modernpolitics.action", "fields": {"creator": 6, "when": "2012-09-01T11:25:25.432", "user": 6, "action_type": "VO", "privacy": "PRI"}}, {"pk": 186, "model": "modernpolitics.action", "fields": {"creator": 6, "when": "2012-09-01T11:25:25.687", "user": 6, "action_type": "CR", "privacy": "PUB"}}, {"pk": 187, "model": "modernpolitics.action", "fields": {"creator": 6, "when": "2012-09-01T11:25:25.797", "user": 6, "action_type": "VO", "privacy": "PRI"}}, {"pk": 188, "model": "modernpolitics.action", "fields": {"creator": 6, "when": "2012-09-01T11:25:26.053", "user": 6, "action_type": "VO", "privacy": "PRI"}}, {"pk": 189, "model": "modernpolitics.action", "fields": {"creator": 6, "when": "2012-09-01T11:25:26.176", "user": 6, "action_type": "CR", "privacy": "PUB"}}, {"pk": 190, "model": "modernpolitics.action", "fields": {"creator": 6, "when": "2012-09-01T11:25:26.241", "user": 6, "action_type": "VO", "privacy": "PRI"}}, {"pk": 191, "model": "modernpolitics.action", "fields": {"creator": 6, "when": "2012-09-01T11:25:26.452", "user": 6, "action_type": "VO", "privacy": "PRI"}}, {"pk": 192, "model": "modernpolitics.action", "fields": {"creator": 6, "when": "2012-09-01T11:25:26.569", "user": 6, "action_type": "CR", "privacy": "PUB"}}, {"pk": 193, "model": "modernpolitics.action", "fields": {"creator": 6, "when": "2012-09-01T11:25:26.702", "user": 6, "action_type": "VO", "privacy": "PRI"}}, {"pk": 194, "model": "modernpolitics.action", "fields": {"creator": 6, "when": "2012-09-01T11:25:26.887", "user": 6, "action_type": "VO", "privacy": "PRI"}}, {"pk": 195, "model": "modernpolitics.action", "fields": {"creator": 6, "when": "2012-09-01T11:25:26.973", "user": 6, "action_type": "CR", "privacy": "PUB"}}, {"pk": 196, "model": "modernpolitics.action", "fields": {"creator": 6, "when": "2012-09-01T11:25:27.053", "user": 6, "action_type": "VO", "privacy": "PRI"}}, {"pk": 197, "model": "modernpolitics.action", "fields": {"creator": 6, "when": "2012-09-01T11:25:27.253", "user": 6, "action_type": "VO", "privacy": "PRI"}}, {"pk": 198, "model": "modernpolitics.action", "fields": {"creator": 6, "when": "2012-09-01T11:25:27.315", "user": 6, "action_type": "CR", "privacy": "PUB"}}, {"pk": 199, "model": "modernpolitics.action", "fields": {"creator": 6, "when": "2012-09-01T11:25:27.485", "user": 6, "action_type": "VO", "privacy": "PRI"}}, {"pk": 200, "model": "modernpolitics.action", "fields": {"creator": 6, "when": "2012-09-01T11:25:27.643", "user": 6, "action_type": "VO", "privacy": "PRI"}}, {"pk": 201, "model": "modernpolitics.action", "fields": {"creator": 6, "when": "2012-09-01T11:25:27.698", "user": 6, "action_type": "CR", "privacy": "PUB"}}, {"pk": 202, "model": "modernpolitics.action", "fields": {"creator": 6, "when": "2012-09-01T11:25:27.830", "user": 6, "action_type": "VO", "privacy": "PRI"}}, {"pk": 203, "model": "modernpolitics.action", "fields": {"creator": 6, "when": "2012-09-01T11:25:28.019", "user": 6, "action_type": "VO", "privacy": "PRI"}}, {"pk": 204, "model": "modernpolitics.action", "fields": {"creator": 6, "when": "2012-09-01T11:25:28.125", "user": 6, "action_type": "CR", "privacy": "PUB"}}, {"pk": 205, "model": "modernpolitics.action", "fields": {"creator": 6, "when": "2012-09-01T11:25:28.288", "user": 6, "action_type": "VO", "privacy": "PRI"}}, {"pk": 206, "model": "modernpolitics.action", "fields": {"creator": 6, "when": "2012-09-01T11:25:28.486", "user": 6, "action_type": "VO", "privacy": "PRI"}}, {"pk": 207, "model": "modernpolitics.action", "fields": {"creator": 6, "when": "2012-09-01T11:25:28.639", "user": 6, "action_type": "CR", "privacy": "PUB"}}, {"pk": 208, "model": "modernpolitics.action", "fields": {"creator": 6, "when": "2012-09-01T11:25:28.740", "user": 6, "action_type": "VO", "privacy": "PRI"}}, {"pk": 209, "model": "modernpolitics.action", "fields": {"creator": 6, "when": "2012-09-01T11:25:28.839", "user": 6, "action_type": "VO", "privacy": "PRI"}}, {"pk": 210, "model": "modernpolitics.action", "fields": {"creator": 6, "when": "2012-09-01T11:25:28.904", "user": 6, "action_type": "CR", "privacy": "PUB"}}, {"pk": 211, "model": "modernpolitics.action", "fields": {"creator": 6, "when": "2012-09-01T11:25:28.954", "user": 6, "action_type": "VO", "privacy": "PRI"}}, {"pk": 212, "model": "modernpolitics.action", "fields": {"creator": 6, "when": "2012-09-01T11:25:29.066", "user": 6, "action_type": "VO", "privacy": "PRI"}}, {"pk": 213, "model": "modernpolitics.action", "fields": {"creator": 6, "when": "2012-09-01T11:25:29.139", "user": 6, "action_type": "CR", "privacy": "PUB"}}, {"pk": 214, "model": "modernpolitics.action", "fields": {"creator": 6, "when": "2012-09-01T11:25:29.207", "user": 6, "action_type": "VO", "privacy": "PRI"}}, {"pk": 215, "model": "modernpolitics.action", "fields": {"creator": 6, "when": "2012-09-01T11:25:29.377", "user": 6, "action_type": "VO", "privacy": "PRI"}}, {"pk": 216, "model": "modernpolitics.action", "fields": {"creator": 6, "when": "2012-09-01T11:25:29.439", "user": 6, "action_type": "CR", "privacy": "PUB"}}, {"pk": 217, "model": "modernpolitics.action", "fields": {"creator": 6, "when": "2012-09-01T11:25:29.542", "user": 6, "action_type": "VO", "privacy": "PRI"}}, {"pk": 218, "model": "modernpolitics.action", "fields": {"creator": 6, "when": "2012-09-01T11:25:29.722", "user": 6, "action_type": "VO", "privacy": "PRI"}}, {"pk": 219, "model": "modernpolitics.action", "fields": {"creator": 6, "when": "2012-09-01T11:25:29.849", "user": 6, "action_type": "CR", "privacy": "PUB"}}, {"pk": 220, "model": "modernpolitics.action", "fields": {"creator": 6, "when": "2012-09-01T11:25:29.933", "user": 6, "action_type": "VO", "privacy": "PRI"}}, {"pk": 221, "model": "modernpolitics.action", "fields": {"creator": 6, "when": "2012-09-01T11:25:30.121", "user": 6, "action_type": "VO", "privacy": "PRI"}}, {"pk": 222, "model": "modernpolitics.action", "fields": {"creator": 6, "when": "2012-09-01T11:25:30.328", "user": 6, "action_type": "CR", "privacy": "PUB"}}, {"pk": 223, "model": "modernpolitics.action", "fields": {"creator": 6, "when": "2012-09-01T11:25:30.443", "user": 6, "action_type": "VO", "privacy": "PRI"}}, {"pk": 224, "model": "modernpolitics.action", "fields": {"creator": 6, "when": "2012-09-01T11:25:30.609", "user": 6, "action_type": "VO", "privacy": "PRI"}}, {"pk": 225, "model": "modernpolitics.action", "fields": {"creator": 6, "when": "2012-09-01T11:25:30.779", "user": 6, "action_type": "CR", "privacy": "PUB"}}, {"pk": 226, "model": "modernpolitics.action", "fields": {"creator": 6, "when": "2012-09-01T11:25:30.853", "user": 6, "action_type": "VO", "privacy": "PRI"}}, {"pk": 227, "model": "modernpolitics.action", "fields": {"creator": 6, "when": "2012-09-01T11:25:31.043", "user": 6, "action_type": "VO", "privacy": "PRI"}}, {"pk": 228, "model": "modernpolitics.action", "fields": {"creator": 6, "when": "2012-09-01T11:25:31.183", "user": 6, "action_type": "CR", "privacy": "PUB"}}, {"pk": 229, "model": "modernpolitics.action", "fields": {"creator": 6, "when": "2012-09-01T11:25:31.320", "user": 6, "action_type": "VO", "privacy": "PRI"}}, {"pk": 230, "model": "modernpolitics.action", "fields": {"creator": 6, "when": "2012-09-01T11:25:31.487", "user": 6, "action_type": "VO", "privacy": "PRI"}}, {"pk": 231, "model": "modernpolitics.action", "fields": {"creator": 6, "when": "2012-09-01T11:25:31.655", "user": 6, "action_type": "CR", "privacy": "PUB"}}, {"pk": 232, "model": "modernpolitics.action", "fields": {"creator": 6, "when": "2012-09-01T11:25:31.798", "user": 6, "action_type": "VO", "privacy": "PRI"}}, {"pk": 233, "model": "modernpolitics.action", "fields": {"creator": 6, "when": "2012-09-01T11:25:32.056", "user": 6, "action_type": "VO", "privacy": "PRI"}}, {"pk": 234, "model": "modernpolitics.action", "fields": {"creator": 6, "when": "2012-09-01T11:25:32.149", "user": 6, "action_type": "CR", "privacy": "PUB"}}, {"pk": 235, "model": "modernpolitics.action", "fields": {"creator": 6, "when": "2012-09-01T11:25:32.255", "user": 6, "action_type": "VO", "privacy": "PRI"}}, {"pk": 236, "model": "modernpolitics.action", "fields": {"creator": 6, "when": "2012-09-01T11:25:32.745", "user": 6, "action_type": "VO", "privacy": "PRI"}}, {"pk": 237, "model": "modernpolitics.action", "fields": {"creator": 6, "when": "2012-09-01T11:25:32.803", "user": 6, "action_type": "CR", "privacy": "PUB"}}, {"pk": 238, "model": "modernpolitics.action", "fields": {"creator": 6, "when": "2012-09-01T11:25:32.852", "user": 6, "action_type": "VO", "privacy": "PRI"}}, {"pk": 239, "model": "modernpolitics.action", "fields": {"creator": 6, "when": "2012-09-01T11:25:32.955", "user": 6, "action_type": "VO", "privacy": "PRI"}}, {"pk": 240, "model": "modernpolitics.action", "fields": {"creator": 6, "when": "2012-09-01T11:25:33.068", "user": 6, "action_type": "CR", "privacy": "PUB"}}, {"pk": 241, "model": "modernpolitics.action", "fields": {"creator": 6, "when": "2012-09-01T11:25:33.166", "user": 6, "action_type": "VO", "privacy": "PRI"}}, {"pk": 242, "model": "modernpolitics.action", "fields": {"creator": 6, "when": "2012-09-01T11:25:33.475", "user": 6, "action_type": "VO", "privacy": "PRI"}}, {"pk": 243, "model": "modernpolitics.action", "fields": {"creator": 6, "when": "2012-09-01T11:25:33.543", "user": 6, "action_type": "CR", "privacy": "PUB"}}, {"pk": 244, "model": "modernpolitics.action", "fields": {"creator": 6, "when": "2012-09-01T11:25:33.665", "user": 6, "action_type": "VO", "privacy": "PRI"}}, {"pk": 245, "model": "modernpolitics.action", "fields": {"creator": 6, "when": "2012-09-01T11:25:33.905", "user": 6, "action_type": "VO", "privacy": "PRI"}}, {"pk": 246, "model": "modernpolitics.action", "fields": {"creator": 6, "when": "2012-09-01T11:25:34.039", "user": 6, "action_type": "CR", "privacy": "PUB"}}, {"pk": 247, "model": "modernpolitics.action", "fields": {"creator": 6, "when": "2012-09-01T11:25:34.120", "user": 6, "action_type": "VO", "privacy": "PRI"}}, {"pk": 248, "model": "modernpolitics.action", "fields": {"creator": 6, "when": "2012-09-01T11:25:34.289", "user": 6, "action_type": "VO", "privacy": "PRI"}}, {"pk": 249, "model": "modernpolitics.action", "fields": {"creator": 6, "when": "2012-09-01T11:25:34.366", "user": 6, "action_type": "CR", "privacy": "PUB"}}, {"pk": 250, "model": "modernpolitics.action", "fields": {"creator": 6, "when": "2012-09-01T11:25:34.520", "user": 6, "action_type": "VO", "privacy": "PRI"}}, {"pk": 251, "model": "modernpolitics.action", "fields": {"creator": 6, "when": "2012-09-01T11:25:34.709", "user": 6, "action_type": "VO", "privacy": "PRI"}}, {"pk": 252, "model": "modernpolitics.action", "fields": {"creator": 6, "when": "2012-09-01T11:25:34.838", "user": 6, "action_type": "CR", "privacy": "PUB"}}, {"pk": 253, "model": "modernpolitics.action", "fields": {"creator": 6, "when": "2012-09-01T11:25:34.956", "user": 6, "action_type": "VO", "privacy": "PRI"}}, {"pk": 254, "model": "modernpolitics.action", "fields": {"creator": 6, "when": "2012-09-01T11:25:35.134", "user": 6, "action_type": "VO", "privacy": "PRI"}}, {"pk": 255, "model": "modernpolitics.action", "fields": {"creator": 6, "when": "2012-09-01T11:25:35.227", "user": 6, "action_type": "CR", "privacy": "PUB"}}, {"pk": 256, "model": "modernpolitics.action", "fields": {"creator": 6, "when": "2012-09-01T11:25:35.321", "user": 6, "action_type": "VO", "privacy": "PRI"}}, {"pk": 257, "model": "modernpolitics.action", "fields": {"creator": 6, "when": "2012-09-01T11:25:35.506", "user": 6, "action_type": "VO", "privacy": "PRI"}}, {"pk": 258, "model": "modernpolitics.action", "fields": {"creator": 6, "when": "2012-09-01T11:25:35.652", "user": 6, "action_type": "CR", "privacy": "PUB"}}, {"pk": 259, "model": "modernpolitics.action", "fields": {"creator": 6, "when": "2012-09-01T11:25:35.865", "user": 6, "action_type": "VO", "privacy": "PRI"}}, {"pk": 260, "model": "modernpolitics.action", "fields": {"creator": 6, "when": "2012-09-01T11:25:36.056", "user": 6, "action_type": "VO", "privacy": "PRI"}}, {"pk": 261, "model": "modernpolitics.action", "fields": {"creator": 6, "when": "2012-09-01T11:25:36.193", "user": 6, "action_type": "CR", "privacy": "PUB"}}, {"pk": 262, "model": "modernpolitics.action", "fields": {"creator": 6, "when": "2012-09-01T11:25:36.287", "user": 6, "action_type": "VO", "privacy": "PRI"}}, {"pk": 263, "model": "modernpolitics.action", "fields": {"creator": 6, "when": "2012-09-01T11:25:36.431", "user": 6, "action_type": "VO", "privacy": "PRI"}}, {"pk": 264, "model": "modernpolitics.action", "fields": {"creator": 6, "when": "2012-09-01T11:25:38.336", "user": 6, "action_type": "CR", "privacy": "PUB"}}, {"pk": 265, "model": "modernpolitics.action", "fields": {"creator": 6, "when": "2012-09-01T11:25:38.433", "user": 6, "action_type": "VO", "privacy": "PRI"}}, {"pk": 266, "model": "modernpolitics.action", "fields": {"creator": 6, "when": "2012-09-01T11:25:38.513", "user": 6, "action_type": "CR", "privacy": "PUB"}}, {"pk": 267, "model": "modernpolitics.action", "fields": {"creator": 6, "when": "2012-09-01T11:25:38.697", "user": 6, "action_type": "VO", "privacy": "PRI"}}, {"pk": 268, "model": "modernpolitics.action", "fields": {"creator": 6, "when": "2012-09-01T11:25:38.847", "user": 6, "action_type": "CR", "privacy": "PUB"}}, {"pk": 269, "model": "modernpolitics.action", "fields": {"creator": 6, "when": "2012-09-01T11:25:38.978", "user": 6, "action_type": "VO", "privacy": "PRI"}}, {"pk": 270, "model": "modernpolitics.action", "fields": {"creator": 5, "when": "2012-09-01T11:25:39.048", "user": 5, "action_type": "CR", "privacy": "PUB"}}, {"pk": 271, "model": "modernpolitics.action", "fields": {"creator": 5, "when": "2012-09-01T11:25:39.102", "user": 5, "action_type": "VO", "privacy": "PRI"}}, {"pk": 272, "model": "modernpolitics.action", "fields": {"creator": 5, "when": "2012-09-01T11:25:39.180", "user": 5, "action_type": "CR", "privacy": "PUB"}}, {"pk": 273, "model": "modernpolitics.action", "fields": {"creator": 5, "when": "2012-09-01T11:25:39.302", "user": 5, "action_type": "VO", "privacy": "PRI"}}, {"pk": 274, "model": "modernpolitics.action", "fields": {"creator": 6, "when": "2012-09-01T11:25:39.360", "user": 6, "action_type": "CR", "privacy": "PUB"}}, {"pk": 275, "model": "modernpolitics.action", "fields": {"creator": 6, "when": "2012-09-01T11:25:39.480", "user": 6, "action_type": "VO", "privacy": "PRI"}}, {"pk": 276, "model": "modernpolitics.action", "fields": {"creator": 5, "when": "2012-09-01T11:25:39.648", "user": 5, "action_type": "CR", "privacy": "PUB"}}, {"pk": 277, "model": "modernpolitics.action", "fields": {"creator": 5, "when": "2012-09-01T11:25:39.791", "user": 5, "action_type": "VO", "privacy": "PRI"}}, {"pk": 278, "model": "modernpolitics.action", "fields": {"creator": 1, "when": "2012-09-01T11:25:39.986", "user": 1, "action_type": "CR", "privacy": "PUB"}}, {"pk": 279, "model": "modernpolitics.action", "fields": {"creator": 1, "when": "2012-09-01T11:25:40.122", "user": 1, "action_type": "VO", "privacy": "PRI"}}, {"pk": 280, "model": "modernpolitics.action", "fields": {"creator": 9, "when": "2012-09-01T11:25:40.261", "user": 9, "action_type": "RU", "privacy": "PUB"}}, {"pk": 281, "model": "modernpolitics.action", "fields": {"creator": 1, "when": "2012-09-01T11:25:40.460", "user": 1, "action_type": "CR", "privacy": "PUB"}}, {"pk": 282, "model": "modernpolitics.action", "fields": {"creator": 1, "when": "2012-09-01T11:25:40.600", "user": 1, "action_type": "VO", "privacy": "PRI"}}, {"pk": 283, "model": "modernpolitics.action", "fields": {"creator": 1, "when": "2012-09-01T11:25:40.741", "user": 1, "action_type": "CR", "privacy": "PUB"}}, {"pk": 284, "model": "modernpolitics.action", "fields": {"creator": 1, "when": "2012-09-01T11:25:40.802", "user": 1, "action_type": "VO", "privacy": "PRI"}}, {"pk": 280, "model": "modernpolitics.runningforaction", "fields": {"modifier": "A", "election": 171485}}, {"pk": 8, "model": "modernpolitics.groupfollowaction", "fields": {"modifier": "A", "group": 171484}}, {"pk": 11, "model": "modernpolitics.groupfollowaction", "fields": {"modifier": "A", "group": 171485}}, {"pk": 36, "model": "modernpolitics.groupfollowaction", "fields": {"modifier": "A", "group": 171484}}, {"pk": 41, "model": "modernpolitics.groupfollowaction", "fields": {"modifier": "A", "group": 171484}}, {"pk": 42, "model": "modernpolitics.groupfollowaction", "fields": {"modifier": "A", "group": 171485}}, {"pk": 46, "model": "modernpolitics.groupfollowaction", "fields": {"modifier": "A", "group": 171485}}, {"pk": 48, "model": "modernpolitics.groupfollowaction", "fields": {"modifier": "A", "group": 171484}}, {"pk": 49, "model": "modernpolitics.groupfollowaction", "fields": {"modifier": "A", "group": 171485}}, {"pk": 54, "model": "modernpolitics.groupfollowaction", "fields": {"modifier": "A", "group": 171484}}, {"pk": 55, "model": "modernpolitics.groupfollowaction", "fields": {"modifier": "A", "group": 171485}}, {"pk": 60, "model": "modernpolitics.groupfollowaction", "fields": {"modifier": "A", "group": 171484}}, {"pk": 61, "model": "modernpolitics.groupfollowaction", "fields": {"modifier": "A", "group": 171485}}, {"pk": 66, "model": "modernpolitics.groupfollowaction", "fields": {"modifier": "A", "group": 171484}}, {"pk": 67, "model": "modernpolitics.groupfollowaction", "fields": {"modifier": "A", "group": 171485}}, {"pk": 72, "model": "modernpolitics.groupfollowaction", "fields": {"modifier": "A", "group": 171484}}, {"pk": 73, "model": "modernpolitics.groupfollowaction", "fields": {"modifier": "A", "group": 171485}}, {"pk": 78, "model": "modernpolitics.groupfollowaction", "fields": {"modifier": "A", "group": 171484}}, {"pk": 79, "model": "modernpolitics.groupfollowaction", "fields": {"modifier": "A", "group": 171485}}, {"pk": 92, "model": "modernpolitics.groupfollowaction", "fields": {"modifier": "A", "group": 171518}}, {"pk": 1, "model": "modernpolitics.createdaction", "fields": {"content": 171482}}, {"pk": 3, "model": "modernpolitics.createdaction", "fields": {"content": 171483}}, {"pk": 5, "model": "modernpolitics.createdaction", "fields": {"content": 171484}}, {"pk": 7, "model": "modernpolitics.createdaction", "fields": {"content": 171484}}, {"pk": 9, "model": "modernpolitics.createdaction", "fields": {"content": 171485}}, {"pk": 12, "model": "modernpolitics.createdaction", "fields": {"content": 171481}}, {"pk": 14, "model": "modernpolitics.createdaction", "fields": {"content": 171486}}, {"pk": 16, "model": "modernpolitics.createdaction", "fields": {"content": 171487}}, {"pk": 18, "model": "modernpolitics.createdaction", "fields": {"content": 171488}}, {"pk": 20, "model": "modernpolitics.createdaction", "fields": {"content": 171489}}, {"pk": 22, "model": "modernpolitics.createdaction", "fields": {"content": 171490}}, {"pk": 24, "model": "modernpolitics.createdaction", "fields": {"content": 171491}}, {"pk": 26, "model": "modernpolitics.createdaction", "fields": {"content": 171492}}, {"pk": 28, "model": "modernpolitics.createdaction", "fields": {"content": 171493}}, {"pk": 30, "model": "modernpolitics.createdaction", "fields": {"content": 171494}}, {"pk": 32, "model": "modernpolitics.createdaction", "fields": {"content": 171495}}, {"pk": 34, "model": "modernpolitics.createdaction", "fields": {"content": 171496}}, {"pk": 37, "model": "modernpolitics.createdaction", "fields": {"content": 171497}}, {"pk": 39, "model": "modernpolitics.createdaction", "fields": {"content": 171498}}, {"pk": 43, "model": "modernpolitics.createdaction", "fields": {"content": 171499}}, {"pk": 45, "model": "modernpolitics.createdaction", "fields": {"content": 171500}}, {"pk": 50, "model": "modernpolitics.createdaction", "fields": {"content": 171501}}, {"pk": 52, "model": "modernpolitics.createdaction", "fields": {"content": 171502}}, {"pk": 56, "model": "modernpolitics.createdaction", "fields": {"content": 171503}}, {"pk": 58, "model": "modernpolitics.createdaction", "fields": {"content": 171504}}, {"pk": 62, "model": "modernpolitics.createdaction", "fields": {"content": 171505}}, {"pk": 64, "model": "modernpolitics.createdaction", "fields": {"content": 171506}}, {"pk": 68, "model": "modernpolitics.createdaction", "fields": {"content": 171507}}, {"pk": 70, "model": "modernpolitics.createdaction", "fields": {"content": 171508}}, {"pk": 74, "model": "modernpolitics.createdaction", "fields": {"content": 171509}}, {"pk": 76, "model": "modernpolitics.createdaction", "fields": {"content": 171510}}, {"pk": 80, "model": "modernpolitics.createdaction", "fields": {"content": 171511}}, {"pk": 82, "model": "modernpolitics.createdaction", "fields": {"content": 171512}}, {"pk": 84, "model": "modernpolitics.createdaction", "fields": {"content": 171513}}, {"pk": 86, "model": "modernpolitics.createdaction", "fields": {"content": 171514}}, {"pk": 88, "model": "modernpolitics.createdaction", "fields": {"content": 171517}}, {"pk": 90, "model": "modernpolitics.createdaction", "fields": {"content": 171518}}, {"pk": 93, "model": "modernpolitics.createdaction", "fields": {"content": 171519}}, {"pk": 95, "model": "modernpolitics.createdaction", "fields": {"content": 171520}}, {"pk": 97, "model": "modernpolitics.createdaction", "fields": {"content": 171521}}, {"pk": 99, "model": "modernpolitics.createdaction", "fields": {"content": 171522}}, {"pk": 102, "model": "modernpolitics.createdaction", "fields": {"content": 171523}}, {"pk": 105, "model": "modernpolitics.createdaction", "fields": {"content": 171524}}, {"pk": 108, "model": "modernpolitics.createdaction", "fields": {"content": 171525}}, {"pk": 111, "model": "modernpolitics.createdaction", "fields": {"content": 171526}}, {"pk": 114, "model": "modernpolitics.createdaction", "fields": {"content": 171527}}, {"pk": 117, "model": "modernpolitics.createdaction", "fields": {"content": 171528}}, {"pk": 120, "model": "modernpolitics.createdaction", "fields": {"content": 171529}}, {"pk": 123, "model": "modernpolitics.createdaction", "fields": {"content": 171530}}, {"pk": 126, "model": "modernpolitics.createdaction", "fields": {"content": 171531}}, {"pk": 129, "model": "modernpolitics.createdaction", "fields": {"content": 171532}}, {"pk": 132, "model": "modernpolitics.createdaction", "fields": {"content": 171533}}, {"pk": 135, "model": "modernpolitics.createdaction", "fields": {"content": 171534}}, {"pk": 138, "model": "modernpolitics.createdaction", "fields": {"content": 171535}}, {"pk": 141, "model": "modernpolitics.createdaction", "fields": {"content": 171536}}, {"pk": 144, "model": "modernpolitics.createdaction", "fields": {"content": 171537}}, {"pk": 147, "model": "modernpolitics.createdaction", "fields": {"content": 171538}}, {"pk": 150, "model": "modernpolitics.createdaction", "fields": {"content": 171539}}, {"pk": 153, "model": "modernpolitics.createdaction", "fields": {"content": 171540}}, {"pk": 156, "model": "modernpolitics.createdaction", "fields": {"content": 171541}}, {"pk": 159, "model": "modernpolitics.createdaction", "fields": {"content": 171542}}, {"pk": 162, "model": "modernpolitics.createdaction", "fields": {"content": 171543}}, {"pk": 165, "model": "modernpolitics.createdaction", "fields": {"content": 171544}}, {"pk": 168, "model": "modernpolitics.createdaction", "fields": {"content": 171545}}, {"pk": 171, "model": "modernpolitics.createdaction", "fields": {"content": 171546}}, {"pk": 174, "model": "modernpolitics.createdaction", "fields": {"content": 171547}}, {"pk": 177, "model": "modernpolitics.createdaction", "fields": {"content": 171548}}, {"pk": 180, "model": "modernpolitics.createdaction", "fields": {"content": 171549}}, {"pk": 183, "model": "modernpolitics.createdaction", "fields": {"content": 171550}}, {"pk": 186, "model": "modernpolitics.createdaction", "fields": {"content": 171551}}, {"pk": 189, "model": "modernpolitics.createdaction", "fields": {"content": 171552}}, {"pk": 192, "model": "modernpolitics.createdaction", "fields": {"content": 171553}}, {"pk": 195, "model": "modernpolitics.createdaction", "fields": {"content": 171554}}, {"pk": 198, "model": "modernpolitics.createdaction", "fields": {"content": 171555}}, {"pk": 201, "model": "modernpolitics.createdaction", "fields": {"content": 171556}}, {"pk": 204, "model": "modernpolitics.createdaction", "fields": {"content": 171557}}, {"pk": 207, "model": "modernpolitics.createdaction", "fields": {"content": 171558}}, {"pk": 210, "model": "modernpolitics.createdaction", "fields": {"content": 171559}}, {"pk": 213, "model": "modernpolitics.createdaction", "fields": {"content": 171560}}, {"pk": 216, "model": "modernpolitics.createdaction", "fields": {"content": 171561}}, {"pk": 219, "model": "modernpolitics.createdaction", "fields": {"content": 171562}}, {"pk": 222, "model": "modernpolitics.createdaction", "fields": {"content": 171563}}, {"pk": 225, "model": "modernpolitics.createdaction", "fields": {"content": 171564}}, {"pk": 228, "model": "modernpolitics.createdaction", "fields": {"content": 171565}}, {"pk": 231, "model": "modernpolitics.createdaction", "fields": {"content": 171566}}, {"pk": 234, "model": "modernpolitics.createdaction", "fields": {"content": 171567}}, {"pk": 237, "model": "modernpolitics.createdaction", "fields": {"content": 171568}}, {"pk": 240, "model": "modernpolitics.createdaction", "fields": {"content": 171569}}, {"pk": 243, "model": "modernpolitics.createdaction", "fields": {"content": 171570}}, {"pk": 246, "model": "modernpolitics.createdaction", "fields": {"content": 171571}}, {"pk": 249, "model": "modernpolitics.createdaction", "fields": {"content": 171572}}, {"pk": 252, "model": "modernpolitics.createdaction", "fields": {"content": 171573}}, {"pk": 255, "model": "modernpolitics.createdaction", "fields": {"content": 171574}}, {"pk": 258, "model": "modernpolitics.createdaction", "fields": {"content": 171575}}, {"pk": 261, "model": "modernpolitics.createdaction", "fields": {"content": 171576}}, {"pk": 264, "model": "modernpolitics.createdaction", "fields": {"content": 171577}}, {"pk": 266, "model": "modernpolitics.createdaction", "fields": {"content": 171578}}, {"pk": 268, "model": "modernpolitics.createdaction", "fields": {"content": 171579}}, {"pk": 270, "model": "modernpolitics.createdaction", "fields": {"content": 171580}}, {"pk": 272, "model": "modernpolitics.createdaction", "fields": {"content": 171581}}, {"pk": 274, "model": "modernpolitics.createdaction", "fields": {"content": 171582}}, {"pk": 276, "model": "modernpolitics.createdaction", "fields": {"content": 171583}}, {"pk": 278, "model": "modernpolitics.createdaction", "fields": {"content": 171584}}, {"pk": 281, "model": "modernpolitics.createdaction", "fields": {"content": 171585}}, {"pk": 283, "model": "modernpolitics.createdaction", "fields": {"content": 171586}}, {"pk": 2, "model": "modernpolitics.votedaction", "fields": {"content": 171482, "value": 1}}, {"pk": 4, "model": "modernpolitics.votedaction", "fields": {"content": 171483, "value": 1}}, {"pk": 6, "model": "modernpolitics.votedaction", "fields": {"content": 171484, "value": 1}}, {"pk": 10, "model": "modernpolitics.votedaction", "fields": {"content": 171485, "value": 1}}, {"pk": 13, "model": "modernpolitics.votedaction", "fields": {"content": 171481, "value": 1}}, {"pk": 15, "model": "modernpolitics.votedaction", "fields": {"content": 171486, "value": 1}}, {"pk": 17, "model": "modernpolitics.votedaction", "fields": {"content": 171487, "value": 1}}, {"pk": 19, "model": "modernpolitics.votedaction", "fields": {"content": 171488, "value": 1}}, {"pk": 21, "model": "modernpolitics.votedaction", "fields": {"content": 171489, "value": 1}}, {"pk": 23, "model": "modernpolitics.votedaction", "fields": {"content": 171490, "value": 1}}, {"pk": 25, "model": "modernpolitics.votedaction", "fields": {"content": 171491, "value": 1}}, {"pk": 27, "model": "modernpolitics.votedaction", "fields": {"content": 171492, "value": 1}}, {"pk": 29, "model": "modernpolitics.votedaction", "fields": {"content": 171493, "value": 1}}, {"pk": 31, "model": "modernpolitics.votedaction", "fields": {"content": 171494, "value": 1}}, {"pk": 33, "model": "modernpolitics.votedaction", "fields": {"content": 171495, "value": 1}}, {"pk": 35, "model": "modernpolitics.votedaction", "fields": {"content": 171496, "value": 1}}, {"pk": 38, "model": "modernpolitics.votedaction", "fields": {"content": 171497, "value": 1}}, {"pk": 40, "model": "modernpolitics.votedaction", "fields": {"content": 171498, "value": 1}}, {"pk": 44, "model": "modernpolitics.votedaction", "fields": {"content": 171499, "value": 1}}, {"pk": 47, "model": "modernpolitics.votedaction", "fields": {"content": 171500, "value": 1}}, {"pk": 51, "model": "modernpolitics.votedaction", "fields": {"content": 171501, "value": 1}}, {"pk": 53, "model": "modernpolitics.votedaction", "fields": {"content": 171502, "value": 1}}, {"pk": 57, "model": "modernpolitics.votedaction", "fields": {"content": 171503, "value": 1}}, {"pk": 59, "model": "modernpolitics.votedaction", "fields": {"content": 171504, "value": 1}}, {"pk": 63, "model": "modernpolitics.votedaction", "fields": {"content": 171505, "value": 1}}, {"pk": 65, "model": "modernpolitics.votedaction", "fields": {"content": 171506, "value": 1}}, {"pk": 69, "model": "modernpolitics.votedaction", "fields": {"content": 171507, "value": 1}}, {"pk": 71, "model": "modernpolitics.votedaction", "fields": {"content": 171508, "value": 1}}, {"pk": 75, "model": "modernpolitics.votedaction", "fields": {"content": 171509, "value": 1}}, {"pk": 77, "model": "modernpolitics.votedaction", "fields": {"content": 171510, "value": 1}}, {"pk": 81, "model": "modernpolitics.votedaction", "fields": {"content": 171511, "value": 1}}, {"pk": 83, "model": "modernpolitics.votedaction", "fields": {"content": 171512, "value": 1}}, {"pk": 85, "model": "modernpolitics.votedaction", "fields": {"content": 171513, "value": 1}}, {"pk": 87, "model": "modernpolitics.votedaction", "fields": {"content": 171514, "value": 1}}, {"pk": 89, "model": "modernpolitics.votedaction", "fields": {"content": 171517, "value": 1}}, {"pk": 91, "model": "modernpolitics.votedaction", "fields": {"content": 171518, "value": 1}}, {"pk": 94, "model": "modernpolitics.votedaction", "fields": {"content": 171519, "value": 1}}, {"pk": 96, "model": "modernpolitics.votedaction", "fields": {"content": 171520, "value": 1}}, {"pk": 98, "model": "modernpolitics.votedaction", "fields": {"content": 171521, "value": 1}}, {"pk": 100, "model": "modernpolitics.votedaction", "fields": {"content": 171522, "value": 1}}, {"pk": 101, "model": "modernpolitics.votedaction", "fields": {"content": 4, "value": 1}}, {"pk": 103, "model": "modernpolitics.votedaction", "fields": {"content": 171523, "value": 1}}, {"pk": 104, "model": "modernpolitics.votedaction", "fields": {"content": 5, "value": 1}}, {"pk": 106, "model": "modernpolitics.votedaction", "fields": {"content": 171524, "value": 1}}, {"pk": 107, "model": "modernpolitics.votedaction", "fields": {"content": 8, "value": 1}}, {"pk": 109, "model": "modernpolitics.votedaction", "fields": {"content": 171525, "value": 1}}, {"pk": 110, "model": "modernpolitics.votedaction", "fields": {"content": 9, "value": 1}}, {"pk": 112, "model": "modernpolitics.votedaction", "fields": {"content": 171526, "value": 1}}, {"pk": 113, "model": "modernpolitics.votedaction", "fields": {"content": 10, "value": 1}}, {"pk": 115, "model": "modernpolitics.votedaction", "fields": {"content": 171527, "value": 1}}, {"pk": 116, "model": "modernpolitics.votedaction", "fields": {"content": 11, "value": 1}}, {"pk": 118, "model": "modernpolitics.votedaction", "fields": {"content": 171528, "value": 1}}, {"pk": 119, "model": "modernpolitics.votedaction", "fields": {"content": 12, "value": 1}}, {"pk": 121, "model": "modernpolitics.votedaction", "fields": {"content": 171529, "value": 1}}, {"pk": 122, "model": "modernpolitics.votedaction", "fields": {"content": 14, "value": 1}}, {"pk": 124, "model": "modernpolitics.votedaction", "fields": {"content": 171530, "value": 1}}, {"pk": 125, "model": "modernpolitics.votedaction", "fields": {"content": 15, "value": 1}}, {"pk": 127, "model": "modernpolitics.votedaction", "fields": {"content": 171531, "value": 1}}, {"pk": 128, "model": "modernpolitics.votedaction", "fields": {"content": 16, "value": 1}}, {"pk": 130, "model": "modernpolitics.votedaction", "fields": {"content": 171532, "value": 1}}, {"pk": 131, "model": "modernpolitics.votedaction", "fields": {"content": 17, "value": 1}}, {"pk": 133, "model": "modernpolitics.votedaction", "fields": {"content": 171533, "value": 1}}, {"pk": 134, "model": "modernpolitics.votedaction", "fields": {"content": 18, "value": 1}}, {"pk": 136, "model": "modernpolitics.votedaction", "fields": {"content": 171534, "value": 1}}, {"pk": 137, "model": "modernpolitics.votedaction", "fields": {"content": 19, "value": 1}}, {"pk": 139, "model": "modernpolitics.votedaction", "fields": {"content": 171535, "value": 1}}, {"pk": 140, "model": "modernpolitics.votedaction", "fields": {"content": 20, "value": 1}}, {"pk": 142, "model": "modernpolitics.votedaction", "fields": {"content": 171536, "value": 1}}, {"pk": 143, "model": "modernpolitics.votedaction", "fields": {"content": 21, "value": 1}}, {"pk": 145, "model": "modernpolitics.votedaction", "fields": {"content": 171537, "value": 1}}, {"pk": 146, "model": "modernpolitics.votedaction", "fields": {"content": 22, "value": 1}}, {"pk": 148, "model": "modernpolitics.votedaction", "fields": {"content": 171538, "value": 1}}, {"pk": 149, "model": "modernpolitics.votedaction", "fields": {"content": 23, "value": 1}}, {"pk": 151, "model": "modernpolitics.votedaction", "fields": {"content": 171539, "value": 1}}, {"pk": 152, "model": "modernpolitics.votedaction", "fields": {"content": 24, "value": 1}}, {"pk": 154, "model": "modernpolitics.votedaction", "fields": {"content": 171540, "value": 1}}, {"pk": 155, "model": "modernpolitics.votedaction", "fields": {"content": 25, "value": 1}}, {"pk": 157, "model": "modernpolitics.votedaction", "fields": {"content": 171541, "value": 1}}, {"pk": 158, "model": "modernpolitics.votedaction", "fields": {"content": 26, "value": 1}}, {"pk": 160, "model": "modernpolitics.votedaction", "fields": {"content": 171542, "value": 1}}, {"pk": 161, "model": "modernpolitics.votedaction", "fields": {"content": 28, "value": 1}}, {"pk": 163, "model": "modernpolitics.votedaction", "fields": {"content": 171543, "value": 1}}, {"pk": 164, "model": "modernpolitics.votedaction", "fields": {"content": 29, "value": 1}}, {"pk": 166, "model": "modernpolitics.votedaction", "fields": {"content": 171544, "value": 1}}, {"pk": 167, "model": "modernpolitics.votedaction", "fields": {"content": 30, "value": 1}}, {"pk": 169, "model": "modernpolitics.votedaction", "fields": {"content": 171545, "value": 1}}, {"pk": 170, "model": "modernpolitics.votedaction", "fields": {"content": 31, "value": 1}}, {"pk": 172, "model": "modernpolitics.votedaction", "fields": {"content": 171546, "value": 1}}, {"pk": 173, "model": "modernpolitics.votedaction", "fields": {"content": 32, "value": 1}}, {"pk": 175, "model": "modernpolitics.votedaction", "fields": {"content": 171547, "value": 1}}, {"pk": 176, "model": "modernpolitics.votedaction", "fields": {"content": 33, "value": 1}}, {"pk": 178, "model": "modernpolitics.votedaction", "fields": {"content": 171548, "value": 1}}, {"pk": 179, "model": "modernpolitics.votedaction", "fields": {"content": 34, "value": 1}}, {"pk": 181, "model": "modernpolitics.votedaction", "fields": {"content": 171549, "value": 1}}, {"pk": 182, "model": "modernpolitics.votedaction", "fields": {"content": 35, "value": 1}}, {"pk": 184, "model": "modernpolitics.votedaction", "fields": {"content": 171550, "value": 1}}, {"pk": 185, "model": "modernpolitics.votedaction", "fields": {"content": 36, "value": 1}}, {"pk": 187, "model": "modernpolitics.votedaction", "fields": {"content": 171551, "value": 1}}, {"pk": 188, "model": "modernpolitics.votedaction", "fields": {"content": 37, "value": 1}}, {"pk": 190, "model": "modernpolitics.votedaction", "fields": {"content": 171552, "value": 1}}, {"pk": 191, "model": "modernpolitics.votedaction", "fields": {"content": 38, "value": 1}}, {"pk": 193, "model": "modernpolitics.votedaction", "fields": {"content": 171553, "value": 1}}, {"pk": 194, "model": "modernpolitics.votedaction", "fields": {"content": 39, "value": 1}}, {"pk": 196, "model": "modernpolitics.votedaction", "fields": {"content": 171554, "value": 1}}, {"pk": 197, "model": "modernpolitics.votedaction", "fields": {"content": 40, "value": 1}}, {"pk": 199, "model": "modernpolitics.votedaction", "fields": {"content": 171555, "value": 1}}, {"pk": 200, "model": "modernpolitics.votedaction", "fields": {"content": 41, "value": 1}}, {"pk": 202, "model": "modernpolitics.votedaction", "fields": {"content": 171556, "value": 1}}, {"pk": 203, "model": "modernpolitics.votedaction", "fields": {"content": 42, "value": 1}}, {"pk": 205, "model": "modernpolitics.votedaction", "fields": {"content": 171557, "value": 1}}, {"pk": 206, "model": "modernpolitics.votedaction", "fields": {"content": 43, "value": 1}}, {"pk": 208, "model": "modernpolitics.votedaction", "fields": {"content": 171558, "value": 1}}, {"pk": 209, "model": "modernpolitics.votedaction", "fields": {"content": 45, "value": 1}}, {"pk": 211, "model": "modernpolitics.votedaction", "fields": {"content": 171559, "value": 1}}, {"pk": 212, "model": "modernpolitics.votedaction", "fields": {"content": 46, "value": 1}}, {"pk": 214, "model": "modernpolitics.votedaction", "fields": {"content": 171560, "value": 1}}, {"pk": 215, "model": "modernpolitics.votedaction", "fields": {"content": 47, "value": 1}}, {"pk": 217, "model": "modernpolitics.votedaction", "fields": {"content": 171561, "value": 1}}, {"pk": 218, "model": "modernpolitics.votedaction", "fields": {"content": 48, "value": 1}}, {"pk": 220, "model": "modernpolitics.votedaction", "fields": {"content": 171562, "value": 1}}, {"pk": 221, "model": "modernpolitics.votedaction", "fields": {"content": 1940, "value": 1}}, {"pk": 223, "model": "modernpolitics.votedaction", "fields": {"content": 171563, "value": 1}}, {"pk": 224, "model": "modernpolitics.votedaction", "fields": {"content": 1941, "value": 1}}, {"pk": 226, "model": "modernpolitics.votedaction", "fields": {"content": 171564, "value": 1}}, {"pk": 227, "model": "modernpolitics.votedaction", "fields": {"content": 1942, "value": 1}}, {"pk": 229, "model": "modernpolitics.votedaction", "fields": {"content": 171565, "value": 1}}, {"pk": 230, "model": "modernpolitics.votedaction", "fields": {"content": 4165, "value": 1}}, {"pk": 232, "model": "modernpolitics.votedaction", "fields": {"content": 171566, "value": 1}}, {"pk": 233, "model": "modernpolitics.votedaction", "fields": {"content": 4174, "value": 1}}, {"pk": 235, "model": "modernpolitics.votedaction", "fields": {"content": 171567, "value": 1}}, {"pk": 236, "model": "modernpolitics.votedaction", "fields": {"content": 4176, "value": 1}}, {"pk": 238, "model": "modernpolitics.votedaction", "fields": {"content": 171568, "value": 1}}, {"pk": 239, "model": "modernpolitics.votedaction", "fields": {"content": 170837, "value": 1}}, {"pk": 241, "model": "modernpolitics.votedaction", "fields": {"content": 171569, "value": 1}}, {"pk": 242, "model": "modernpolitics.votedaction", "fields": {"content": 170838, "value": 1}}, {"pk": 244, "model": "modernpolitics.votedaction", "fields": {"content": 171570, "value": 1}}, {"pk": 245, "model": "modernpolitics.votedaction", "fields": {"content": 170842, "value": 1}}, {"pk": 247, "model": "modernpolitics.votedaction", "fields": {"content": 171571, "value": 1}}, {"pk": 248, "model": "modernpolitics.votedaction", "fields": {"content": 170846, "value": 1}}, {"pk": 250, "model": "modernpolitics.votedaction", "fields": {"content": 171572, "value": 1}}, {"pk": 251, "model": "modernpolitics.votedaction", "fields": {"content": 170853, "value": 1}}, {"pk": 253, "model": "modernpolitics.votedaction", "fields": {"content": 171573, "value": 1}}, {"pk": 254, "model": "modernpolitics.votedaction", "fields": {"content": 171282, "value": 1}}, {"pk": 256, "model": "modernpolitics.votedaction", "fields": {"content": 171574, "value": 1}}, {"pk": 257, "model": "modernpolitics.votedaction", "fields": {"content": 171295, "value": 1}}, {"pk": 259, "model": "modernpolitics.votedaction", "fields": {"content": 171575, "value": 1}}, {"pk": 260, "model": "modernpolitics.votedaction", "fields": {"content": 171412, "value": 1}}, {"pk": 262, "model": "modernpolitics.votedaction", "fields": {"content": 171576, "value": 1}}, {"pk": 263, "model": "modernpolitics.votedaction", "fields": {"content": 171480, "value": 1}}, {"pk": 265, "model": "modernpolitics.votedaction", "fields": {"content": 171577, "value": 1}}, {"pk": 267, "model": "modernpolitics.votedaction", "fields": {"content": 171578, "value": 1}}, {"pk": 269, "model": "modernpolitics.votedaction", "fields": {"content": 171579, "value": 1}}, {"pk": 271, "model": "modernpolitics.votedaction", "fields": {"content": 171580, "value": 1}}, {"pk": 273, "model": "modernpolitics.votedaction", "fields": {"content": 171581, "value": 1}}, {"pk": 275, "model": "modernpolitics.votedaction", "fields": {"content": 171582, "value": 1}}, {"pk": 277, "model": "modernpolitics.votedaction", "fields": {"content": 171583, "value": 1}}, {"pk": 279, "model": "modernpolitics.votedaction", "fields": {"content": 171584, "value": 1}}, {"pk": 282, "model": "modernpolitics.votedaction", "fields": {"content": 171585, "value": 1}}, {"pk": 284, "model": "modernpolitics.votedaction", "fields": {"content": 171586, "value": 1}}, {"pk": 171511, "model": "modernpolitics.petition", "fields": {"p_level": 1, "goal": 10, "full_text": "We should get rid of President Bush because blah blah blah", "finalized": false, "topics": [11], "signers": [], "current": 0, "shared_to": [], "commenters": []}}, {"pk": 171512, "model": "modernpolitics.petition", "fields": {"p_level": 1, "goal": 10, "full_text": "BLAH BLAH BLAH BLAH BLAH BLAH", "finalized": false, "topics": [21], "signers": [], "current": 0, "shared_to": [], "commenters": []}}, {"pk": 171513, "model": "modernpolitics.petition", "fields": {"p_level": 1, "goal": 10, "full_text": "BAN GAY MARRIAGE FULL TEXT", "finalized": false, "topics": [21], "signers": [], "current": 0, "shared_to": [], "commenters": []}}, {"pk": 171514, "model": "modernpolitics.petition", "fields": {"p_level": 1, "goal": 10, "full_text": "REPEAL H.R. 123 FULL TEXT", "finalized": false, "topics": [], "signers": [], "current": 0, "shared_to": [], "commenters": []}}, {"pk": 171515, "model": "modernpolitics.news", "fields": {"topics": [11], "link_screenshot": "", "link_clicks": 0, "shared_to": [], "link": "www.cnn.com", "link_summary": "", "commenters": []}}, {"pk": 171516, "model": "modernpolitics.news", "fields": {"topics": [21], "link_screenshot": "", "link_clicks": 0, "shared_to": [], "link": "www.lovegov.com", "link_summary": "", "commenters": []}}, {"pk": 171577, "model": "modernpolitics.news", "fields": {"topics": [], "link_screenshot": "", "link_clicks": 0, "shared_to": [], "link": "www.facebook.com", "link_summary": "kkkkkk", "commenters": []}}, {"pk": 171578, "model": "modernpolitics.news", "fields": {"topics": [], "link_screenshot": "", "link_clicks": 0, "shared_to": [], "link": "www.reddit.com", "link_summary": "oh adsf asdfkjd ohd", "commenters": []}}, {"pk": 171579, "model": "modernpolitics.news", "fields": {"topics": [], "link_screenshot": "", "link_clicks": 0, "shared_to": [], "link": "www.reddit.com", "link_summary": "oh adsf asdfkjd ohd", "commenters": []}}, {"pk": 171580, "model": "modernpolitics.news", "fields": {"topics": [], "link_screenshot": "", "link_clicks": 0, "shared_to": [], "link": "www.nytimes.com", "link_summary": "oh adsf asdfkjd lemme get it", "commenters": []}}, {"pk": 171581, "model": "modernpolitics.discussion", "fields": {"shared_to": [], "topics": [], "user_post": "like a pile of pandas in the rain.", "commenters": []}}, {"pk": 171582, "model": "modernpolitics.discussion", "fields": {"shared_to": [], "topics": [], "user_post": "Lorem ipsum dolor sit amet, consectetur adipiscing elit. Sed ac ligula molestie orci mattis aliquet. Duis vitae nisl id leo porttitor laoreet. Integer rutrum, odio a tristique rhoncus, nunc nisi pharetra turpis, in tempor tellus risus eget risus. Vestibulum posuere laoreet nisl. Cum sociis natoque penatibus et magnis dis parturient montes, nascetur ridiculus mus. Pellentesque accumsan mauris et sapien rutrum sit amet sodales nulla luctus. Integer a dui eu neque porttitor placerat.Proin dignissim quam ac nulla mollis vitae hendrerit metus venenatis. Suspendisse felis mi, dictum sit amet pulvinar et, rhoncus vitae lorem. Proin bibendum lobortis sodales. Aliquam posuere, nulla ut malesuada ultrices, ipsum nunc condimentum leo, auctor consequat elit lacus a lectus. Aliquam id massa tellus, eu malesuada diam. Donec quis ipsum eu est pellentesque ultrices. Curabitur nisi nisl", "commenters": []}}, {"pk": 171494, "model": "modernpolitics.poll", "fields": {"description": "", "topics": [], "shared_to": [], "num_questions": 55, "questions": [4, 5, 8, 9, 10, 11, 12, 14, 15, 16, 17, 18, 19, 20, 21, 22, 23, 24, 25, 26, 28, 29, 30, 31, 32, 33, 34, 35, 36, 37, 38, 39, 40, 41, 42, 43, 45, 46, 47, 48, 1940, 1941, 1942, 4165, 4174, 4176, 170837, 170838, 170842, 170846, 170853, 171282, 171295, 171412, 171480], "commenters": []}}, {"pk": 171583, "model": "modernpolitics.scorecard", "fields": {"group": 171518, "scorecard_view": 52, "full_text": "This is a scorecard about blah blah and blah", "topics": [], "shared_to": [], "politicians": [], "poll": 171494, "commenters": []}}, {"pk": 1, "model": "modernpolitics.answer", "fields": {"answer_text": "yes!", "value": 10}}, {"pk": 2, "model": "modernpolitics.answer", "fields": {"answer_text": "Yes, an attack on a person because of their sexuality, gender or disability constitutes a hate crime.", "value": 2}}, {"pk": 3, "model": "modernpolitics.answer", "fields": {"answer_text": "No, sexuality, gender or disability should not apply to the definition of a hate crime. ", "value": 9}}, {"pk": 5, "model": "modernpolitics.answer", "fields": {"answer_text": "Yes, human embryonic stem cells should be used for research without any limitations.", "value": 0}}, {"pk": 6, "model": "modernpolitics.answer", "fields": {"answer_text": "Human embryonic stem cell research can occur as long as the embryo is not destroyed in the process", "value": 7}}, {"pk": 7, "model": "modernpolitics.answer", "fields": {"answer_text": "No, human embryos should not be included in stem cell research.", "value": 10}}, {"pk": 10, "model": "modernpolitics.answer", "fields": {"answer_text": "Yes, women should have the right to an abortion.", "value": 0}}, {"pk": 14, "model": "modernpolitics.answer", "fields": {"answer_text": "No, women should not be allowed to have an abortion.", "value": 10}}, {"pk": 20, "model": "modernpolitics.answer", "fields": {"answer_text": "Yes, the detention center at Guantanamo Bay should remain open.", "value": 10}}, {"pk": 22, "model": "modernpolitics.answer", "fields": {"answer_text": "No, the detention center should be closed down.", "value": 0}}, {"pk": 24, "model": "modernpolitics.answer", "fields": {"answer_text": "The U.S. should work towards greater use of nuclear power.", "value": 8}}, {"pk": 25, "model": "modernpolitics.answer", "fields": {"answer_text": "The U.S. should take concrete steps towards greater use of renewable energy.", "value": 0}}, {"pk": 26, "model": "modernpolitics.answer", "fields": {"answer_text": "The U.S. should begin offshore drilling to decrease its dependence on foreign oil.", "value": 8}}, {"pk": 35, "model": "modernpolitics.answer", "fields": {"answer_text": "The U.S. should allow for more avenues for immigrants to gain residency.", "value": 3}}, {"pk": 36, "model": "modernpolitics.answer", "fields": {"answer_text": "The U.S. should take more steps towards detaining and expelling illegal aliens.", "value": 10}}, {"pk": 37, "model": "modernpolitics.answer", "fields": {"answer_text": "A publicly funded system should be the dominant form of health care in the U.S.", "value": 0}}, {"pk": 38, "model": "modernpolitics.answer", "fields": {"answer_text": "There should be both a public and private system that are on equal footing.", "value": 4}}, {"pk": 39, "model": "modernpolitics.answer", "fields": {"answer_text": "There should be a publicly funded system but it should play a minimal role.", "value": 6}}, {"pk": 40, "model": "modernpolitics.answer", "fields": {"answer_text": "There should be no publicly funded health care in the U.S.", "value": 10}}, {"pk": 41, "model": "modernpolitics.answer", "fields": {"answer_text": "Yes, companies should be regulated by environmental laws.", "value": 0}}, {"pk": 43, "model": "modernpolitics.answer", "fields": {"answer_text": "No, companies should not be regulated by environmental laws.", "value": 10}}, {"pk": 44, "model": "modernpolitics.answer", "fields": {"answer_text": "Yes, large financial institutions should be subject to stricter government regulations.", "value": 0}}, {"pk": 48, "model": "modernpolitics.answer", "fields": {"answer_text": "No, large financial institutions should not be subject to stricter government regulation.", "value": 10}}, {"pk": 49, "model": "modernpolitics.answer", "fields": {"answer_text": "Yes, the United States should support Israel unconditionally.", "value": 10}}, {"pk": 53, "model": "modernpolitics.answer", "fields": {"answer_text": "No, the United States should not support Israel unconditionally.", "value": 0}}, {"pk": 54, "model": "modernpolitics.answer", "fields": {"answer_text": "Same-sex couples should be able to legally marry.", "value": 0}}, {"pk": 55, "model": "modernpolitics.answer", "fields": {"answer_text": "Same-sex couples should be prohibited from legal marriage.", "value": 10}}, {"pk": 58, "model": "modernpolitics.answer", "fields": {"answer_text": "Yes, marijuana should be legal for medical purposes.", "value": 3}}, {"pk": 60, "model": "modernpolitics.answer", "fields": {"answer_text": "The U.S. should develop a more comprehensive system that prevents illegal immigrants from accessing taxpayer-funded benefits.", "value": 5}}, {"pk": 61, "model": "modernpolitics.answer", "fields": {"answer_text": "The U.S. should invest in tighter security along its borders.", "value": 8}}, {"pk": 62, "model": "modernpolitics.answer", "fields": {"answer_text": "Yes, the recent expansion of publicly-funded health insurance was good for this country.", "value": 0}}, {"pk": 63, "model": "modernpolitics.answer", "fields": {"answer_text": "No, the U.S. should not have expanded public health insurance.", "value": 10}}, {"pk": 64, "model": "modernpolitics.answer", "fields": {"answer_text": "Homosexuals should be able to serve openly in the U.S. Armed Forces.", "value": 0}}, {"pk": 65, "model": "modernpolitics.answer", "fields": {"answer_text": "Homosexuals should not serve openly in the U.S. Armed Forces.", "value": 10}}, {"pk": 66, "model": "modernpolitics.answer", "fields": {"answer_text": "There should be laws protecting homosexuals from workplace discrimination. ", "value": 0}}, {"pk": 67, "model": "modernpolitics.answer", "fields": {"answer_text": "Laws meant to protect homosexuals from workplace discrimination are not necessary.", "value": 10}}, {"pk": 68, "model": "modernpolitics.answer", "fields": {"answer_text": "No, marijuana should not be legal for medical purposes.", "value": 10}}, {"pk": 69, "model": "modernpolitics.answer", "fields": {"answer_text": "Yes, the U.S. should have a plan in place in the event that invading Iran proves necessary.", "value": 10}}, {"pk": 70, "model": "modernpolitics.answer", "fields": {"answer_text": "No, it is not necessary that the U.S. have a plan in place for invading Iran.", "value": 0}}, {"pk": 71, "model": "modernpolitics.answer", "fields": {"answer_text": "Yes, the TARP bailout was the right measure in order to stabilize the failing economy.", "value": 4}}, {"pk": 72, "model": "modernpolitics.answer", "fields": {"answer_text": "No, the TARP bailout was the wrong action taken.", "value": 6}}, {"pk": 73, "model": "modernpolitics.answer", "fields": {"answer_text": "Yes, math and science should be encouraged more than other subjects.", "value": 7}}, {"pk": 74, "model": "modernpolitics.answer", "fields": {"answer_text": "No, math and science should not be encouraged over other subjects.", "value": 3}}, {"pk": 75, "model": "modernpolitics.answer", "fields": {"answer_text": "Yes, government programs are an effective measure for stimulating the economy.", "value": 0}}, {"pk": 76, "model": "modernpolitics.answer", "fields": {"answer_text": "No, government programs with the aim of stimulating the economy should not be implemented.", "value": 8}}, {"pk": 77, "model": "modernpolitics.answer", "fields": {"answer_text": "Yes, there should be a clearly defined exit strategy for American troops in Afghanistan.", "value": 0}}, {"pk": 78, "model": "modernpolitics.answer", "fields": {"answer_text": "No, setting a strict timetable for withdrawal would be premature at this time.", "value": 10}}, {"pk": 79, "model": "modernpolitics.answer", "fields": {"answer_text": "No, the government should be able to borrow money when necessary.", "value": 0}}, {"pk": 80, "model": "modernpolitics.answer", "fields": {"answer_text": "Yes, we should never spend more then we have.", "value": 10}}, {"pk": 81, "model": "modernpolitics.answer", "fields": {"answer_text": "Yes, passengers should not be subjected to Whole-Body Imaging.", "value": 0}}, {"pk": 82, "model": "modernpolitics.answer", "fields": {"answer_text": "No, Whole-Body Imaging is an effective and necessary method against crime and terrorism. ", "value": 10}}, {"pk": 83, "model": "modernpolitics.answer", "fields": {"answer_text": "Yes, foreign detainees should have the same legal rights such as the right to a fair trial.", "value": 0}}, {"pk": 84, "model": "modernpolitics.answer", "fields": {"answer_text": "No, foreign detainees should not be granted the same rights enjoyed by U.S. citizens.", "value": 10}}, {"pk": 85, "model": "modernpolitics.answer", "fields": {"answer_text": "No, standardized test performance should not be a main criteria for allocating funds for public schools.", "value": 0}}, {"pk": 86, "model": "modernpolitics.answer", "fields": {"answer_text": "Yes, standardized test performance should be a main criteria for allocating funds for public schools.", "value": 10}}, {"pk": 87, "model": "modernpolitics.answer", "fields": {"answer_text": "Yes, the detention and interrogation of detainees at Guantanamo is essential to ensuring the safety of Americans and their allies.", "value": 10}}, {"pk": 88, "model": "modernpolitics.answer", "fields": {"answer_text": "No, detaining and interrogating detainees at Guantanamo is not an essential part of keeping America and its allies safe.", "value": 0}}, {"pk": 90, "model": "modernpolitics.answer", "fields": {"answer_text": "The U.S. should not create any more avenues for illegal immigrants to gain residency.", "value": 8}}, {"pk": 91, "model": "modernpolitics.answer", "fields": {"answer_text": "Yes, raising the debt ceiling was a necessary measure.", "value": 0}}, {"pk": 92, "model": "modernpolitics.answer", "fields": {"answer_text": "No, the government should not have given itself the ability to take on more debt.", "value": 10}}, {"pk": 93, "model": "modernpolitics.answer", "fields": {"answer_text": "Yes, advocacy organizations should be required to reveal the identities of their donors.", "value": 10}}, {"pk": 94, "model": "modernpolitics.answer", "fields": {"answer_text": "No, advocacy organizations should have the right to withhold the identities of their donors.", "value": 0}}, {"pk": 95, "model": "modernpolitics.answer", "fields": {"answer_text": "Yes, it is perfectly acceptable to have religious displays on government property.", "value": 10}}, {"pk": 96, "model": "modernpolitics.answer", "fields": {"answer_text": "No, government property should be free of religious displays.", "value": 0}}, {"pk": 97, "model": "modernpolitics.answer", "fields": {"answer_text": "Yes, the government should be doing more to help students pay for college.", "value": 3}}, {"pk": 98, "model": "modernpolitics.answer", "fields": {"answer_text": "No, the government does not need to commit more funds to college students.", "value": 7}}, {"pk": 99, "model": "modernpolitics.answer", "fields": {"answer_text": "Yes, local governments should be able to seize private property when it is necessary for economic development.", "value": 4}}, {"pk": 100, "model": "modernpolitics.answer", "fields": {"answer_text": "No, local governments should have no right to seize private property for supposed economic development.", "value": 6}}, {"pk": 101, "model": "modernpolitics.answer", "fields": {"answer_text": "Yes, the government needs to be an active player in conservation efforts.", "value": 0}}, {"pk": 102, "model": "modernpolitics.answer", "fields": {"answer_text": "No, the government does not need to be so committed to conservation efforts.", "value": 10}}, {"pk": 103, "model": "modernpolitics.answer", "fields": {"answer_text": "Yes, the economic costs to polluters need to be factored in when applying environmental regulations.", "value": 10}}, {"pk": 104, "model": "modernpolitics.answer", "fields": {"answer_text": "No, if environmental regulations are to make a meaningful impact, they cannot be based on the economic costs to the polluters.", "value": 0}}, {"pk": 105, "model": "modernpolitics.answer", "fields": {"answer_text": "Yes, the U.S. must take concrete steps to reduce greenhouse gas emissions.", "value": 0}}, {"pk": 106, "model": "modernpolitics.answer", "fields": {"answer_text": "No, the U.S. should not be occupied with trying to reduce greenhouse gas emissions.", "value": 10}}, {"pk": 107, "model": "modernpolitics.answer", "fields": {"answer_text": "Yes, invading Iraq was an appropriate action.", "value": 10}}, {"pk": 108, "model": "modernpolitics.answer", "fields": {"answer_text": "No, the U.S. should not have invaded Iraq.", "value": 0}}, {"pk": 109, "model": "modernpolitics.answer", "fields": {"answer_text": "Yes, the U.S. should continue developing a system that can defend against missile attacks.", "value": 10}}, {"pk": 110, "model": "modernpolitics.answer", "fields": {"answer_text": "No, we should not be committing resources to such a project.", "value": 0}}, {"pk": 111, "model": "modernpolitics.answer", "fields": {"answer_text": "Yes, marriage needs to be explicitly defined in this country as between one man and one woman.", "value": 10}}, {"pk": 112, "model": "modernpolitics.answer", "fields": {"answer_text": "No, the U.S. should not define marriage as being solely between one man and one woman.", "value": 0}}, {"pk": 113, "model": "modernpolitics.answer", "fields": {"answer_text": "Yes, immigrants should be welcomed to this country based on their skill level and their potential contributions to society.", "value": 10}}, {"pk": 114, "model": "modernpolitics.answer", "fields": {"answer_text": "No, all immigrants should have an equal chance of gaining residency regardless of skill level.", "value": 0}}, {"pk": 115, "model": "modernpolitics.answer", "fields": {"answer_text": "Yes, the minimum wage needs to be increased.", "value": 0}}, {"pk": 116, "model": "modernpolitics.answer", "fields": {"answer_text": "No, the minimum wage does not need to be increased.", "value": 10}}, {"pk": 117, "model": "modernpolitics.answer", "fields": {"answer_text": "Yes, the U.S. should expand offshore drilling.", "value": 10}}, {"pk": 118, "model": "modernpolitics.answer", "fields": {"answer_text": "No, the U.S. should not expand offshore drilling.", "value": 0}}, {"pk": 119, "model": "modernpolitics.answer", "fields": {"answer_text": "Yes, law enforcement officers should be allowed to search a home or business without the owner's permission or knowledge.", "value": 10}}, {"pk": 120, "model": "modernpolitics.answer", "fields": {"answer_text": "No, law enforcement should not be allowed such freedom to search homes and businesses.", "value": 0}}, {"pk": 121, "model": "modernpolitics.answer", "fields": {"answer_text": "Yes, sex education programs should be teaching contraception, not abstinence.", "value": 0}}, {"pk": 122, "model": "modernpolitics.answer", "fields": {"answer_text": "No, sex education programs should not be advocating contraception over abstinence.", "value": 10}}, {"pk": 123, "model": "modernpolitics.answer", "fields": {"answer_text": "Yes, the government must fully disclose all entities and organizations that it is funding.", "value": 0}}, {"pk": 124, "model": "modernpolitics.answer", "fields": {"answer_text": "No, the government should not have to disclose every entity and organization that it funds.", "value": 10}}, {"pk": 125, "model": "modernpolitics.answer", "fields": {"answer_text": "Yes, rigs and vessels involved in offshore drilling need to be equipped with the proper technology to protect the environment.", "value": 0}}, {"pk": 126, "model": "modernpolitics.answer", "fields": {"answer_text": "No, rigs and vessels should not be required to be equipped with pollution control technology.", "value": 10}}, {"pk": 127, "model": "modernpolitics.answer", "fields": {"answer_text": "Yes, states should be able prohibit offshore drilling if they want.", "value": 0}}, {"pk": 128, "model": "modernpolitics.answer", "fields": {"answer_text": "No, states should not have a say over whether or not offshore drilling takes place in their waters.", "value": 10}}, {"pk": 131, "model": "modernpolitics.answer", "fields": {"answer_text": "Yes, religious schools should be eligible for federal funding.", "value": 10}}, {"pk": 132, "model": "modernpolitics.answer", "fields": {"answer_text": "No, religious schools should not be eligible for federal funding.", "value": 0}}, {"pk": 133, "model": "modernpolitics.answer", "fields": {"answer_text": "Yes, the government should be investing resources to make our automobiles more efficient.", "value": 0}}, {"pk": 134, "model": "modernpolitics.answer", "fields": {"answer_text": "No, the government should not commit resources to such a project.", "value": 10}}, {"pk": 137, "model": "modernpolitics.answer", "fields": {"answer_text": "Yes, nuclear power is an energy source we should be making more use of.", "value": 10}}, {"pk": 138, "model": "modernpolitics.answer", "fields": {"answer_text": "No, we should not be increasing our use of nuclear power.", "value": 0}}, {"pk": 139, "model": "modernpolitics.answer", "fields": {"answer_text": "Yes, the U.S. needs to be making meaningful investments in renewable energy.", "value": 0}}, {"pk": 140, "model": "modernpolitics.answer", "fields": {"answer_text": "No, the U.S. does not need to be putting so much effort into using more renewable energy.", "value": 10}}, {"pk": 141, "model": "modernpolitics.answer", "fields": {"answer_text": "Yes, more people should be insured by Medicaid.", "value": 0}}, {"pk": 142, "model": "modernpolitics.answer", "fields": {"answer_text": "No, Medicaid should not be expanded to insure more people", "value": 10}}, {"pk": 143, "model": "modernpolitics.answer", "fields": {"answer_text": "Yes, the U.S. should work towards creating a national health care system similar to those found in Europe and Canada.", "value": 0}}, {"pk": 144, "model": "modernpolitics.answer", "fields": {"answer_text": "No, the U.S. should not have a national health care system similar to those found in Europe and Canada.", "value": 10}}, {"pk": 145, "model": "modernpolitics.answer", "fields": {"answer_text": "Yes, all citizens should be required to have some form of health insurance.", "value": 0}}, {"pk": 146, "model": "modernpolitics.answer", "fields": {"answer_text": "No, citizens should not be required to have health insurance.", "value": 10}}, {"pk": 147, "model": "modernpolitics.answer", "fields": {"answer_text": "Yes, same-sex couples be able to legally marry.", "value": 0}}, {"pk": 148, "model": "modernpolitics.answer", "fields": {"answer_text": "Yes, homosexuals should be allowed to serve openly in the U.S. Armed Forces.", "value": 0}}, {"pk": 149, "model": "modernpolitics.answer", "fields": {"answer_text": "No, homosexuals should not be allowed to serve openly in the U.S. Armed Forces.", "value": 10}}, {"pk": 150, "model": "modernpolitics.answer", "fields": {"answer_text": "Yes, the government should be helping households finance home renovations that would increase energy efficiency.", "value": 0}}, {"pk": 151, "model": "modernpolitics.answer", "fields": {"answer_text": "No, the government should not be involved in financing such initiatives.", "value": 10}}, {"pk": 152, "model": "modernpolitics.answer", "fields": {"answer_text": "Yes, the government should be funding programs to educate students and the public about the environment.", "value": 0}}, {"pk": 153, "model": "modernpolitics.answer", "fields": {"answer_text": "No, the government should not commit resources for such education programs.", "value": 10}}, {"pk": 154, "model": "modernpolitics.answer", "fields": {"answer_text": "Yes, foreigners should have more avenues through which they can enter or gain legal status in the U.S.", "value": 0}}, {"pk": 155, "model": "modernpolitics.answer", "fields": {"answer_text": "No, the U.S. should not be creating more avenues for foreigners to enter or gain legal status.", "value": 10}}, {"pk": 156, "model": "modernpolitics.answer", "fields": {"answer_text": "In general, yes, the Obama Administration's health care reform legislation was beneficial for the United States.", "value": 0}}, {"pk": 157, "model": "modernpolitics.answer", "fields": {"answer_text": "No, the Obama Administration's recent health care reform legislation was no beneficial for the United States.", "value": 10}}, {"pk": 158, "model": "modernpolitics.answer", "fields": {"answer_text": "Not as a whole. Some provisions are beneficial for the country but others are not.", "value": 5}}, {"pk": 159, "model": "modernpolitics.answer", "fields": {"answer_text": "Yes, greenhouse gas emissions should be regulated based on the scientific finding concerning their potentiialy harmful effects.", "value": 0}}, {"pk": 160, "model": "modernpolitics.answer", "fields": {"answer_text": "No, the implementation of greenhouse gas regulations should not be based on such grounds.", "value": 10}}, {"pk": 161, "model": "modernpolitics.answer", "fields": {"answer_text": "Yes, large financial institutions should be subject to stricter government regulations now.", "value": 0}}, {"pk": 162, "model": "modernpolitics.answer", "fields": {"answer_text": "No, large financial institutions should not be subject to stricter government regulations.", "value": 10}}, {"pk": 163, "model": "modernpolitics.answer", "fields": {"answer_text": "Yes, the 2009 stimulus package was an appropriate response to the recession.", "value": 0}}, {"pk": 164, "model": "modernpolitics.answer", "fields": {"answer_text": "No, the 2009 stimulus package was not an appropriate response to the recession.", "value": 10}}, {"pk": 165, "model": "modernpolitics.answer", "fields": {"answer_text": "Yes, whole-body Imaging is an effective and necessary method against crime and terrorism. ", "value": 10}}, {"pk": 166, "model": "modernpolitics.answer", "fields": {"answer_text": "No, passengers should not be subjected to whole-body Imaging.", "value": 0}}, {"pk": 167, "model": "modernpolitics.answer", "fields": {"answer_text": "Yes, foreign detainees should be tried by military tribunals as opposed to civilian courts.", "value": 10}}, {"pk": 168, "model": "modernpolitics.answer", "fields": {"answer_text": "No, foreign detainees should not be tried by military tribunals.", "value": 0}}, {"pk": 169, "model": "modernpolitics.answer", "fields": {"answer_text": "Yes, federal funding for states should be tied to their ability to establish measurable goals through state-wide student assessments.", "value": 0}}, {"pk": 170, "model": "modernpolitics.answer", "fields": {"answer_text": "No, states should not be required to devise state-wide assessments of their students in order to receive federal funding.", "value": 10}}, {"pk": 171, "model": "modernpolitics.answer", "fields": {"answer_text": "Yes, the detention and interrogation of detainees at Guantanamo is essential to ensuring the safety of America and its allies.", "value": 10}}, {"pk": 172, "model": "modernpolitics.answer", "fields": {"answer_text": "No, detaining and interrogating detainees at Guantanamo is not an essential part of keeping America and its allies safe.", "value": 0}}, {"pk": 173, "model": "modernpolitics.answer", "fields": {"answer_text": "Yes, the government should reduce spending on its environmental conservation projects.", "value": 10}}, {"pk": 174, "model": "modernpolitics.answer", "fields": {"answer_text": "No, the government should not reduce funding to these projects.", "value": 0}}, {"pk": 175, "model": "modernpolitics.answer", "fields": {"answer_text": "Yes, the EPA should have the authority to regulate emissions from power plants and refineries.", "value": 0}}, {"pk": 176, "model": "modernpolitics.answer", "fields": {"answer_text": "No, the EPA should not have the authority to place such restrictions on power plants and refineries.", "value": 10}}, {"pk": 177, "model": "modernpolitics.answer", "fields": {"answer_text": "Yes, marriage needs to be explicitly defined in this country as between one man and one woman.", "value": 10}}, {"pk": 178, "model": "modernpolitics.answer", "fields": {"answer_text": "No, the U.S. should not define marriage as being solely between one man and one woman.", "value": 0}}, {"pk": 179, "model": "modernpolitics.answer", "fields": {"answer_text": "Yes, the government should use loans and tax breaks to create a favoroable environment for clean energy?", "value": 0}}, {"pk": 180, "model": "modernpolitics.answer", "fields": {"answer_text": "No, the government does not need to be so active in fostering a favorable environment for these technologies.", "value": 10}}, {"pk": 181, "model": "modernpolitics.answer", "fields": {"answer_text": "Yes, openly gay individuals be able to serve in the U.S. Armed Forces.", "value": 0}}, {"pk": 182, "model": "modernpolitics.answer", "fields": {"answer_text": "No, openly gay individuals should not serve in the U.S. Armed Forces.", "value": 10}}, {"pk": 183, "model": "modernpolitics.answer", "fields": {"answer_text": "Yes, the government should be helping households finance home renovations that would increase energy efficiency.", "value": 0}}, {"pk": 184, "model": "modernpolitics.answer", "fields": {"answer_text": "No, the government should not be involved in financing such initiatives.", "value": 10}}, {"pk": 185, "model": "modernpolitics.answer", "fields": {"answer_text": "Yes, the U.S. should expand oil shale mining to help meet our energy needs.", "value": 10}}, {"pk": 186, "model": "modernpolitics.answer", "fields": {"answer_text": "No, the U.S. does not need to be expanding oil shale mining.", "value": 0}}, {"pk": 187, "model": "modernpolitics.answer", "fields": {"answer_text": "Yes, the presence of charter schools in the U.S. should be expanded.", "value": 8}}, {"pk": 188, "model": "modernpolitics.answer", "fields": {"answer_text": "No, the presence of charter schools in the U.S. does not need to be expanded.", "value": 4}}, {"pk": 189, "model": "modernpolitics.answer", "fields": {"answer_text": "Yes, a cap and trade system is an effective way to curb greenhouse gas emissions.", "value": 2}}, {"pk": 190, "model": "modernpolitics.answer", "fields": {"answer_text": "No, a cap and trade system is not the best way to reduce greenhouse gases.", "value": 10}}, {"pk": 191, "model": "modernpolitics.answer", "fields": {"answer_text": "Yes, these disputed claims should be presided over by a third-party review process.", "value": 0}}, {"pk": 192, "model": "modernpolitics.answer", "fields": {"answer_text": "No, such disputes do not require a third-party review process in order to be resolved.", "value": 10}}, {"pk": 193, "model": "modernpolitics.answer", "fields": {"answer_text": "Yes, employers should be required to take responsibility for a greater amount of employees' health insurance expenses.", "value": 0}}, {"pk": 194, "model": "modernpolitics.answer", "fields": {"answer_text": "No, employers should not be required to take responsibility for a greater precentage of employees' health insurance expenses.", "value": 10}}, {"pk": 195, "model": "modernpolitics.answer", "fields": {"answer_text": "Yes, the FDA should make it easier for new presecription drugs to reach the market.", "value": 10}}, {"pk": 196, "model": "modernpolitics.answer", "fields": {"answer_text": "No, the FDA should not be making it easier for new prescription drugs to reach the market.", "value": 0}}, {"pk": 197, "model": "modernpolitics.answer", "fields": {"answer_text": "Yes, makers of generic drugs should pay fees to have their drugs reviewed by the FDA, just as their brand-name counterparts are required to do.", "value": 0}}, {"pk": 198, "model": "modernpolitics.answer", "fields": {"answer_text": "No, makers of generic drugs do not need to be subject to fees to have their drugs reviewed.", "value": 10}}, {"pk": 199, "model": "modernpolitics.answer", "fields": {"answer_text": "Yes, states should be able to set their own standards for water quality.", "value": 9}}, {"pk": 200, "model": "modernpolitics.answer", "fields": {"answer_text": "No, the states should not be able to set their own standards for water quality.", "value": 2}}, {"pk": 201, "model": "modernpolitics.answer", "fields": {"answer_text": "Yes, a certain amount of HIV/AIDS prevention funding should be reserved only for programs promoting abstinence.", "value": 10}}, {"pk": 202, "model": "modernpolitics.answer", "fields": {"answer_text": "No, the government should not be allocating HIV/AIDS prevention funding based on such criteria.", "value": 1}}, {"pk": 4, "model": "modernpolitics.question", "fields": {"question_text": "Should women be allowed to have an abortion?", "lg_weight": 0, "topics": [8], "relevant_info": "H.AMDT. 368 Maintain Mexico City Policy on International Abortion Funding: would have upheld the prohibition against federal funding of international organizations that perform or promote abortion as a method of family planning.\r\nhttp://downloads.frcaction.org/EF/EF08I02.pdf\r\n\r\nH.AMDT 594 Restrict Funding to Planned Parenthood: Would have restricted federal funding for abortions by withholding from Planned Parenthood any of the $331 million appropriated for Title X family planning services.\r\nhttp://www.govtrack.us/congress/amendment.xpd?session=110&amdt=h594\r\n\r\nH.R. 3 No Taxpayer Funding for Abortion Act: Prohibits any funding from being appropriated for abortions. Also prohibits federal funds from being used for any health benefits coverage that includes coverage of abortion.\r\nhttp://www.govtrack.us/congress/bill.xpd?bill=h112-3\r\n\r\nH.R. 3293 FY 2010 Departments of Labor, Health and Human Services, and Education, and Related Agencies Appropriations Act: Would have prohibited the disbursement of Title X family planning funds to Planned Parenthood Federal of America because the organization uses its own money to provide women with abortion care.\r\nhttp://www.govtrack.us/congress/bill.xpd?bill=h111-3293\r\n\r\nH.Amdt. 367 Amendment replaced language in the bill concerning the use of funds provided for family planning/reproductive health: allowing taxpayer funded contraceptives to be given to international organizations that perform and promote abortions as a method of family planning.\r\nhttp://www.govtrack.us/congress/amendment.xpd?session=110&amdt=h367", "answers": [10, 14], "shared_to": [], "source": null, "question_type": "CB", "commenters": [], "official": true}}, {"pk": 5, "model": "modernpolitics.question", "fields": {"question_text": "Should the Guantanamo Bay detention camp remain in operation? ", "lg_weight": 0, "topics": [21], "relevant_info": "Guantanamo Bay detention camp: http://en.wikipedia.org/wiki/Guantanamo_Bay_detention_camp#Criticism_and_condemnation\r\n\r\nH.R. 5136 National Defense Authorization Act for Fiscal Year 2011: Prohibit the use of funds authorized in the bill to transfer or release individuals detained at the U.S. facility at Guantanamo Bay, Cuba, into the United States.\r\nhttp://www.govtrack.us/congress/bill.xpd?bill=h111-5136&tab=summary\r\n\r\nH.AMDT. 270 Require Videotaping Of All Intelligence Interrogations: Amendment that would require the videotaping of all intelligence interrogations of persons in the custody of the Defense Department, excluding tactical questioning as defined by the Army Field Manual on Human Intelligence Collector Operations. It would require the department to submit to Congress, no later than 30 days after the bill's enactment, a report containing guidelines for interrogation videotaping.\r\nhttp://www.govtrack.us/congress/amendment.xpd?session=111&amdt=h270\r\n\r\nH.R. 2892 Department of Homeland Security Appropriations Act, 2010: Would prohibit the transfer of detainees held at Guantanamo Bay, Cuba, to the United States except for prosecution; place detainees on the \"no-fly\" list; and bar the use of funds to provide them benefits. It also would extend the authorization of the E-Verify program for three years.\r\nhttp://www.govtrack.us/congress/bill.xpd?bill=h111-2892&tab=summary\r\n\r\n\r\n", "answers": [20, 22], "shared_to": [], "source": null, "question_type": "MC", "commenters": [], "official": true}}, {"pk": 8, "model": "modernpolitics.question", "fields": {"question_text": "Should the U.S. allow long-time illegal immigrants that are in good standing to gain legal status as well as expand the guest worker visa program?", "lg_weight": 0, "topics": [8], "relevant_info": "Illegal immigration to the United States: http://en.wikipedia.org/wiki/Illegal_immigration_to_the_United_States\r\n\r\nH.R. 5281 Development, Relief, and Education for Alien Minors Act of 2010: This bill would provide conditional\u00a0permanent residency\u00a0to certain undocumented immigrants of\u00a0good moral character\u00a0who graduate from US high schools, arrived in the US as minors, and lived in the country continuously for at least five years prior to the bill's enactment.\r\nhttp://www.govtrack.us/congress/bill.xpd?bill=h111-5281&tab=summary\r\n\r\nH.R. 4437 Border Protection, Antiterrorism, and Illegal Immigration Control Act of 2005: Would further militarize the border, allow low-level immigration officials to expel anyone found within 100 miles of the border believed to be a recently arrived undocumented immigrant without a hearing, expand mandatory detention of non-citizens who are not shown to be a danger or a flight risk and erode the right to judicial review. would designate unlawful presence as a criminal, rather than a civil, offense. It also would increase penalties for a variety of immigration-related crimes.  It  would  create  a  mandatory  program  under  which  all  employers  would  have  to electronically verify employees' work eligibility with the federal government.\r\nhttp://www.govtrack.us/congress/bill.xpd?bill=h109-4437\r\n\r\nH.R. 6061 Secure Fence Act of 2006: The evaluation and construction of physical barriers and advanced technology in reinforcing fencing along the southern U.S. border, and assisting in the enforcement of immigration security in specified areas.\r\nhttp://www.govtrack.us/congress/bill.xpd?bill=h109-6061\r\n\r\nH.R. 6095 Immigration Law Enforcement Act of 2006: Would reaffirm that state and local law enforcement personnel  have  the  inherent  authority  to  investigate,  identify,  arrest,  and  detain  aliens  in  the normal course of duties for the purpose of assisting enforcement of U.S. immigration laws. \r\nhttp://www.govtrack.us/congress/bill.xpd?bill=h109-6095\r\n", "answers": [154, 155], "shared_to": [], "source": null, "question_type": "MC", "commenters": [], "official": true}}, {"pk": 9, "model": "modernpolitics.question", "fields": {"question_text": "In general, was the Obama Administration's health care reform legislation beneficial for the United States?", "lg_weight": 0, "topics": [11], "relevant_info": "Health care in the United States: http://en.wikipedia.org/wiki/Health_care_in_the_United_States\r\n\r\nHealth care reform in the United States: http://en.wikipedia.org/wiki/Health_care_reform_in_the_United_States\r\n\r\nH.R. 3590 Patient Protection and Affordable Care Act: The principal\u00a0health care reform\u00a0legislation of the\u00a0111th United States Congress. PPACA reforms certain aspects of the private health insurance\u00a0industry and public health insurance programs, increases insurance coverage of\u00a0pre-existing conditions, expands access to insurance to over 30 million Americans,\u00a0and increases projected national medical spending\u00a0while lowering projected\u00a0Medicare\u00a0spending.\r\nhttp://www.govtrack.us/congress/bill.xpd?bill=h111-3590&tab=summary\r\n\r\nH.R. 3962 Preservation of Access to Care for Medicare Beneficiaries and Pension Relief Act of 2010: provide more affordable, quality coverage for all, call for shared responsibility by individuals, employers and government, and expand health insurance coverage choices.\u00a0 The bill includes provisions to make health insurance and health care services more affordable and to retain and strengthen employer-sponsored insurance and extend this responsibility across a broader spectrum of employers.\u00a0 It includes progressive financing provisions to ensure that middle income families do not take on an even greater burden for securing comprehensive health insurance coverage for their families.\r\nhttp://www.govtrack.us/congress/bill.xpd?bill=h111-3962\r\n\r\nH.R. 4872 Health Care and Education Reconciliation Act of 2010: Increasing the tax credits to buy insurance.\r\nEliminates several of the special deals given to senators. Offer more generous subsidies to lower income groups. Households below 150% of the federal poverty level would pay 2% to 4% of their income on premiums. Health plans would cover 94% of the cost of benefits. Increases the Pell Grant scholarship award.\r\nhttp://en.wikipedia.org/wiki/Health_Care_and_Education_Reconciliation_Act_of_2010", "answers": [156, 157, 158], "shared_to": [], "source": null, "question_type": "MC", "commenters": [], "official": true}}, {"pk": 10, "model": "modernpolitics.question", "fields": {"question_text": "Should the EPA's emissions standards be based on the scientific finding that greenhouse gases endanger human health and the environment?", "lg_weight": 0, "topics": [10], "relevant_info": "Environmental Law: http://en.wikipedia.org/wiki/Environmental_law\r\n\r\nS. Amdt. 183 To prohibit the Administrator of the Environmental Protection...: To repeal the scientific finding by the EpA that greenhouse gases endanger human health and the environment, to permanently block the EPA from reducing greenhouse gases under the Clean Air Act, and to undermine fuel economy standards. http://www.govtrack.us/congress/amendment.xpd?session=112&amdt=s183\r\n\r\nS. 1720 Jobs Through Growth Act: Would prevent the EPA from cleaning up harmful pollution from some of the nation\u2019s biggest polluters, reduce oversight for drilling, open public lands to tar sands development by private companies, and prohibit California from ensuring that enough water is allocated to protect salmon and Delta smelt.\r\nhttp://www.govtrack.us/congress/bill.xpd?bill=s112-1720\r\n\r\nS. 3072 Stationary Source Regulations Delay Act: Would put a stop-work order on the EPA\u2019s commonsense steps to reduce carbon pollution from power plants and refineries, among other large polluters.\r\nhttp://www.govtrack.us/congress/bill.xpd?bill=s111-3072\r\n\r\nH.R. 4753 Stationary Source Regulations Delay Act: Would put a stop-work order on the EPA\u2019s commonsense steps to reduce carbon pollution from power plants and refineries, among other large polluters.\u00a0\r\nhttp://www.govtrack.us/congress/bill.xpd?bill=h111-4753\r\n\r\nS. 910 Energy Tax Prevention Act of 2011: To repeal the scientific finding by the EpA that greenhouse gases endanger human health and the environment, to permanently block the EPA from reducing greenhouse gases under the Clean Air Act, and to undermine fuel economy standards. \r\nhttp://www.govtrack.us/congress/bill.xpd?bill=h112-910\r\n\r\nH. Amdt. 41 Amendment sought to reduce by $2,750,000 the Bureau of Land...: To cut by 90% the bill\u2019s allocation for the Land and Water Conservation fund (LWCf), which is funded by oil royalties and helps expand protected lands and fund local projects such as city parks.\r\nhttp://www.govtrack.us/congress/amendment.xpd?session=112&amdt=h41\r\n\r\nH. Amdt. 715 An amendment to reduce the various accounts by $3,000,231,000 and..: The amendment would drastically slash spending from a slew of critical conservation agencies such as the fish and Wildlife Service and the National park Service, as well as from environmental programs such as the Clean Water State revolving funds and the Drinking Water State revolving funds.\r\nhttp://www.govtrack.us/congress/amendment.xpd?session=112&amdt=h715\r\n\r\nH. Amdt. 800 Amendment requires the EPA's administrator to consider the...: Amendment would require the EpA to define healthy air based on the \u201cfeasibility and cost\u201d to polluting industries, and would compel the EPA to accept standards that fail to protect public health. \r\nhttp://www.govtrack.us/congress/amendment.xpd?session=112&amdt=h800\r\n\r\nH.R. 2401 Transparency in Regulatory Analysis of Impacts on the Nation Act of 2011: Bill would allow for the indefinite delay of two clean air safeguards (the Cross-State Air pollution rule and the mercury and Air Toxics Standards for power plants). Essentially eliminates the health-based underpinning of the Clean Air Act.\r\nhttp://www.govtrack.us/congress/bill.xpd?bill=h112-2401\r\n", "answers": [159, 160], "shared_to": [], "source": null, "question_type": "MC", "commenters": [], "official": true}}, {"pk": 11, "model": "modernpolitics.question", "fields": {"question_text": "Should large financial institutions be subject to stricter government regulations following the 2008 financial crisis?", "lg_weight": 0, "topics": [1], "relevant_info": "Late 2000s financial crisis: http://en.wikipedia.org/wiki/Late-2000s_financial_crisis\r\n\r\nVarious subcategories of financial regulation in the U.S.: http://en.wikipedia.org/wiki/Category:Financial_regulation_in_the_United_States\r\n\r\nH.R. 1424 Emergency Economic Stabilization Act of 2008: $700 billion TARP bailout.\r\nhttp://www.govtrack.us/congress/bill.xpd?bill=h110-1424\r\n\r\nH.R. 4173 Dodd-Frank Wall Street Reform and Consumer Protection Act: introduces new regulation of hedge funds and private equity funds, alters the definition of accredited investors, requires reporting by all public companies on CEO to median employee pay ratios and other compensation data, enforces equitable access to credit for consumers, and provides incentives to promote banking among low- and medium-income residents.\r\nhttp://www.govtrack.us/congress/bill.xpd?bill=h111-4173\r\n\r\nH.R. 1664 To amend the executive compensation provisions of the Emergency Economic Stabilization Act: Would place restrictions on compensation for executives at companies that had participated in certain government assistance programs.\r\nhttp://www.govtrack.us/congress/bill.xpd?bill=h111-1664\r\n\r\n", "answers": [161, 162], "shared_to": [], "source": null, "question_type": "MC", "commenters": [], "official": true}}, {"pk": 12, "model": "modernpolitics.question", "fields": {"question_text": "Should the United States pledge unconditional support for Israel?", "lg_weight": 0, "topics": [21], "relevant_info": "Israel-United States Relations: http://en.wikipedia.org/wiki/Israel%E2%80%93United_States_relations\r\n\r\nH. Res. 921 Condemning the recent attacks against the State of Israel, holding terrorists and their state-sponsors accountable for such attacks, supporting Israel's right to defend itself, and for other purposes: Expresses unconditional support for Israel.\r\nhttp://www.govtrack.us/congress/bill.xpd?bill=hr109-921", "answers": [49, 53], "shared_to": [], "source": null, "question_type": "MC", "commenters": [], "official": true}}, {"pk": 14, "model": "modernpolitics.question", "fields": {"question_text": "Should marijuana be legal for medical purposes?", "lg_weight": 0, "topics": [8], "relevant_info": "Legal history of cannabis in the United States: http://en.wikipedia.org/wiki/Legal_history_of_cannabis_in_the_United_States\r\n\r\nCannabis in the United States: http://en.wikipedia.org/wiki/Cannabis_in_the_United_States\r\n\r\nH.Amdt. 272 An amendment to prohibit any  funds made available in the Act to the Department of Justice from being used to prevent state lawsauthorizing the use of medical marijuana in those States: An amendment to prohibit any  funds made available in the Act to the Department of Justice from being used to prevent the sale and production of medical marijuana.\r\nhttp://www.govtrack.us/congress/amendment.xpd?session=109&amdt=h272", "answers": [58, 68], "shared_to": [], "source": null, "question_type": "MC", "commenters": [], "official": true}}, {"pk": 15, "model": "modernpolitics.question", "fields": {"question_text": "Should the U.S. have a contingency plan for military operations in Iran?", "lg_weight": 0, "topics": [21], "relevant_info": "H.Amdt. 186 Amendment sought to prohibit funds authorized in the bill from being obligated or expended to plan a contingency operation in Iran: Would prohibit funds authorized in the bill for military operations in Iraq and Afghanistan from being used to plan a contingency operation in Iran.\r\nhttp://www.govtrack.us/congress/amendment.xpd?session=110&amdt=h186", "answers": [69, 70], "shared_to": [], "source": null, "question_type": "MC", "commenters": [], "official": true}}, {"pk": 16, "model": "modernpolitics.question", "fields": {"question_text": "Were you in support of the $700 billion TARP bailout in 2008 designed to stabilize the economy?", "lg_weight": 0, "topics": [1], "relevant_info": "H.R. 1424 Emergency Economic Stabilization Act of 2008: $700 billion TARP bailout.\r\nhttp://www.govtrack.us/congress/bill.xpd?bill=h110-1424", "answers": [71, 72], "shared_to": [], "source": null, "question_type": "MC", "commenters": [], "official": true}}, {"pk": 17, "model": "modernpolitics.question", "fields": {"question_text": "In the public education system, should math and science be encouraged more then other subjects?", "lg_weight": 0, "topics": [3], "relevant_info": "H.R. 2272 America COMPETES Act: Designed to encourage math, sciene, engineering in public schools.\r\nhttp://www.govtrack.us/congress/bill.xpd?bill=h110-2272", "answers": [73, 74], "shared_to": [], "source": null, "question_type": "MC", "commenters": [], "official": true}}, {"pk": 18, "model": "modernpolitics.question", "fields": {"question_text": "Was the 2009 economic stimulus package an appropriate response to the country's economic recession?", "lg_weight": 0, "topics": [1], "relevant_info": "H.R. 1 American Reinvestment and Recovery Act of 2009: An act making supplemental appropriations for job preservation and creation, infrastructure investment, energy efficiency and science, assistance to the unemployed, and State and local fiscal stabilization, for the fiscal year ending September 30, 2009, and for other purposes.\r\nhttp://www.govtrack.us/congress/bill.xpd?bill=h111-1\r\n\r\nH.R. 3221 Housing and Economic Recovery Act of 2008: Increases the national debt limit from $9.82 trillion to $10.62 trillion. Allocates $3.92 billion in grants to States and other units of local government to redevelop abandoned and foreclosed property and $180 million to the Neighborhood Reinvestment Corporation. Establishes the Federal Housing Finance Agency, with regulatory authority over Fannie Mae, Freddie Mac, the Federal Home Loan Banks, and the Office of Finance. \r\nhttp://www.govtrack.us/congress/bill.xpd?bill=h110-3221", "answers": [163, 164], "shared_to": [], "source": null, "question_type": "MC", "commenters": [], "official": true}}, {"pk": 19, "model": "modernpolitics.question", "fields": {"question_text": "Should there be a clearly defined exit strategy for U.S. armed forces in Afghanistan?", "lg_weight": 0, "topics": [21], "relevant_info": "S. 3197 A bill to require a plan for the safe, orderly, and expeditious redeployment of United States Armed Forces from Afghanistan: Directs the President, by the earlier of January 1, 2011, or 90 days after the enactment of this Act, to submit to Congress a plan for the safe, orderly, and expeditious redeployment of U.S. Armed Forces from Afghanistan.\r\nhttp://www.govtrack.us/congress/bill.xpd?bill=s111-3197", "answers": [77, 78], "shared_to": [], "source": null, "question_type": "MC", "commenters": [], "official": true}}, {"pk": 20, "model": "modernpolitics.question", "fields": {"question_text": "Should the federal government be required to maintain a balanced budget?", "lg_weight": 0, "topics": [1], "relevant_info": "H.J.Res. 2 Balanced Budget Amendment: Requiring that the\u00a0state\u00a0cannot spend more than its income.\r\nhttp://www.govtrack.us/congress/bill.xpd?bill=hj112-2", "answers": [79, 80], "shared_to": [], "source": null, "question_type": "MC", "commenters": [], "official": true}}, {"pk": 21, "model": "modernpolitics.question", "fields": {"question_text": "Should the TSA be permitted to use whole-body Imaging as a primary method for screening airline passengers?", "lg_weight": 0, "topics": [21], "relevant_info": "H.Amdt. 172 Amendment prohibits the TSA from using Whole Body-Imaging machines: Amendment prohibits the TSA from using Whole Body-Imaging machines for primary screening at airports; and would require the TSA to give passengers the option of a pat-down search in lieu of going through a WBI machine.\r\nhttp://www.govtrack.us/congress/amendment.xpd?session=111&amdt=h172", "answers": [165, 166], "shared_to": [], "source": null, "question_type": "MC", "commenters": [], "official": true}}, {"pk": 22, "model": "modernpolitics.question", "fields": {"question_text": "Should the U.S. bar habeas corpus appeals and instead use military tribunals to try foreign detainees deemed to be unlawful enemy combatants?", "lg_weight": 0, "topics": [21], "relevant_info": "H.R. 6166 Military Commissions Act of 2006: Retroactively stripped federal courts of authority to consider habeas corpus petitions and other legal actions by foreign detainees, provided retroactive immunity to civilians who authorized or ordered illegal acts of torture and abuse, and set up military commissions that can order executions of defendants based on evidence that the defendant cannot see and that was obtained only as the result of horrific abuse.\r\nhttp://www.govtrack.us/congress/bill.xpd?bill=h109-6166", "answers": [167, 168], "shared_to": [], "source": null, "question_type": "MC", "commenters": [], "official": true}}, {"pk": 23, "model": "modernpolitics.question", "fields": {"question_text": "Should states be required to develop state-wide student assessments in order to receive federal funding?", "lg_weight": 0, "topics": [3], "relevant_info": "H.R. 1 No Child Left Behind Act of 2001: Determines funding based on standardized test performance. Requires states to develop assessments in basic skills to be given to all students in certain grades, if those states are to receive federal funding for schools. Funding tied to NCLB received a 40.4% increase from $17.4 billion in 2001 to $24.4 billion.\r\nhttp://www.govtrack.us/congress/bill.xpd?bill=h107-1\r\n", "answers": [169, 170], "shared_to": [], "source": null, "question_type": "MC", "commenters": [], "official": true}}, {"pk": 24, "model": "modernpolitics.question", "fields": {"question_text": "Is the detention and interrogation of detainees at Guantanamo Bay essential to the defense of the U.S. and its allies?", "lg_weight": 0, "topics": [21], "relevant_info": "H.R. 2892 Prohibits Transfer Of Guantanamo Detainees To U.S., Except For Prosecution: $44.1 billion in fiscal 2010, including $42.8 billion in discretionary funds, for the Homeland Security Department and related activities. It would provide $10.1 billion for Customs and Border Protection; $7.7 billion for the Transportation Security Administration, not including offsetting fees; $10.1 billion for the Coast Guard; $1.5 billion for the Secret Service and $7.1 billion for the Federal Emergency Management Agency. It would prohibit the transfer of detainees held at Guantanamo Bay, Cuba, to the United States except for prosecution; place detainees on the \"no-fly\" list; and bar the use of funds to provide them benefits. It also would extend the authorization of the E-Verify program for three years.\r\nhttp://www.govtrack.us/congress/bill.xpd?bill=h111-2892\r\n\r\nH.Amdt. 487 Amendment adds language expressing the sense of Congress concerning the capture, detention and interrogation of international terrorists; and the detention and lawful, humane interrogation by the U.S. of detainees at Guantanamo Bay, Cuba: to express the sense of Congress that the capture, detention and interrogation of international terrorists are essential to the successful prosecution of the Global War on Terrorism and to the defense of the U.S., its citizens, and coalition partners from future terrorist attacks; and that the detention and lawful, humane interrogation by the U.S. of detainees at Guantanamo Bay, Cuba is essential to the defense of the U.S. and its coalition partners and to the successful prosecution of the Global War on Terrorism.\r\nhttp://www.govtrack.us/congress/amendment.xpd?session=109&amdt=h487", "answers": [171, 172], "shared_to": [], "source": null, "question_type": "MC", "commenters": [], "official": true}}, {"pk": 25, "model": "modernpolitics.question", "fields": {"question_text": "Should the government have recently raised its debt ceiling?", "lg_weight": 0, "topics": [1], "relevant_info": "H.R. 4314 To permit continued financing of Government operations: Increases the national debt limit by $290 billion, from $12.1 trillion to $12.4 trillion.\r\nhttp://www.govtrack.us/congress/bill.xpd?bill=h111-4314\r\n\r\nH.R. 1954 To implement the President's request to increase the statutory limit on the public debt: Would increase the national debt limit by $2.4 trillion without enacting corresponding provisions to alter spending trajectory.\r\nhttp://www.govtrack.us/congress/bill.xpd?bill=h112-1954\r\n", "answers": [91, 92], "shared_to": [], "source": null, "question_type": "MC", "commenters": [], "official": true}}, {"pk": 26, "model": "modernpolitics.question", "fields": {"question_text": "Should advocacy organizations be required to release the identities of their donors?", "lg_weight": 0, "topics": [8], "relevant_info": "H.R. 5175 Democracy is Strengthened by Casting Light on Spending in Elections Act: Included a provision obligating many advocacy organizations that wish to speak out on candidates and, in certain situations, political issues, to release the identities of many of their donors, while allowing a few large mainstream organizations to preserve the privacy of their donors.\r\nhttp://www.govtrack.us/congress/bill.xpd?bill=h111-5175", "answers": [93, 94], "shared_to": [], "source": null, "question_type": "MC", "commenters": [], "official": true}}, {"pk": 28, "model": "modernpolitics.question", "fields": {"question_text": "Should the federal government increase the amount of financial aid it gives to college students?", "lg_weight": 0, "topics": [3], "relevant_info": "H.R. 4137 Higher Education Opportunity Act: Designed to ensure equal college opportunities and fair learning environments for students with disabilities, expanded college access for low-income and minority students, streamlined the federal student financial aid application, and provide supports to help students transition from community colleges to four-year programs.\r\nhttp://www.govtrack.us/congress/bill.xpd?bill=h110-4137", "answers": [97, 98], "shared_to": [], "source": null, "question_type": "MC", "commenters": [], "official": true}}, {"pk": 29, "model": "modernpolitics.question", "fields": {"question_text": "Should local governments have the authority to seize private property for the stated purpose of economic development?", "lg_weight": 0, "topics": [1], "relevant_info": "Eminent domain: http://en.wikipedia.org/wiki/Eminent_domain\r\n\r\nH.Amdt. 427 An amendment to prohibit use of funds in the bill to enforce the judgment of the United States Supreme Court in the case of Kelo v. New London: Prohibits federal funds from being used by local governments to take private property for economic development.\r\nhttp://www.govtrack.us/congress/amendment.xpd?session=109&amdt=h427", "answers": [99, 100], "shared_to": [], "source": null, "question_type": "MC", "commenters": [], "official": true}}, {"pk": 30, "model": "modernpolitics.question", "fields": {"question_text": "Should the government reduce funding for its conservation projects?", "lg_weight": 0, "topics": [10], "relevant_info": "Conservation in the United States: http://en.wikipedia.org/wiki/Conservation_in_the_United_States\r\n\r\nH.Amdt. 41 Amendment sought to reduce by $2,750,000 the Bureau of Land Management, Land Acquisition and reducing the United States Fish and Wildlife Service, Land Acquisition by $15,055,000.: To cut by 90% the bill\u2019s allocation for the Land and Water Conservation fund (LWCf), which is funded by oil royalties and helps expand protected lands and fund local projects such as city parks.\r\nhttp://www.govtrack.us/congress/amendment.xpd?session=112&amdt=h41", "answers": [173, 174], "shared_to": [], "source": null, "question_type": "MC", "commenters": [], "official": true}}, {"pk": 31, "model": "modernpolitics.question", "fields": {"question_text": "When implementing environmental regulations, should the economic cost to the polluting industries be taken into account?", "lg_weight": 0, "topics": [1], "relevant_info": "Environmental Law: http://en.wikipedia.org/wiki/Environmental_law#Federal_regulation\r\n\r\nH.Amdt. 800 An amendment numbered 11 printed in House Report 112-213 to update\u2026: Amendment would require the EpA to define healthy air based on the \u201cfeasibility and cost\u201d to polluting industries, and would compel the EPA to accept standards that fail to protect public health. \r\nhttp://www.govtrack.us/congress/amendment.xpd?session=112&amdt=h800", "answers": [103, 104], "shared_to": [], "source": null, "question_type": "MC", "commenters": [], "official": true}}, {"pk": 32, "model": "modernpolitics.question", "fields": {"question_text": "Should the EPA have the power to regulate carbon emissions from power plants and refineries?", "lg_weight": 0, "topics": [10], "relevant_info": "Greenhouse Gas: http://en.wikipedia.org/wiki/Greenhouse_gas\r\n\r\nS.Amdt. 183 To prohibit the Administrator of the Environmental Protection Agency from promulgating any regulation concerning, taking action relating to, or taking into consideration the emission of a greenhouse gas to address climate change: To repeal the scientific finding by the EpA that greenhouse gases endanger human health and the environment, to permanently block the EPA from reducing greenhouse gases under the Clean Air Act, and to undermine fuel economy standards. \r\nhttp://www.govtrack.us/congress/amendment.xpd?session=112&amdt=s183\r\n\r\nS.J.Res. 26 A joint resolution disapproving a rule submitted by the Environmental Protection Agency relating to the endangerment finding and the cause or contribute findings for greenhouse gases under section 202(a) of the Clean Air Act: Resolution would negate an attempt by the Environmental Protection Agency (EPA) to regulate carbon-dioxide emissions.\r\nhttp://www.govtrack.us/congress/bill.xpd?bill=sj111-26", "answers": [175, 176], "shared_to": [], "source": null, "question_type": "MC", "commenters": [], "official": true}}, {"pk": 33, "model": "modernpolitics.question", "fields": {"question_text": "Were you supportive of the invasion of Iraq in 2003?", "lg_weight": 0, "topics": [21], "relevant_info": "2003 Invasion of Iraq: http://en.wikipedia.org/wiki/2003_invasion_of_Iraq\r\n\r\nH.J.Res. 114 Authorization for Use of Military Force Against Iraq Resolution of 2002: Passage of the joint resolution that would authorize President Bush to use the U.S. military as he deems necessary and appropriate to defend U.S. national security against Iraq and enforce U.N. Security Council resolutions regarding Iraq.\r\nhttp://www.govtrack.us/congress/bill.xpd?bill=hj107-114", "answers": [107, 108], "shared_to": [], "source": null, "question_type": "MC", "commenters": [], "official": true}}, {"pk": 34, "model": "modernpolitics.question", "fields": {"question_text": "Should the U.S. continue development of defense systems to intercept missiles?", "lg_weight": 0, "topics": [21], "relevant_info": "National missile defense: http://en.wikipedia.org/wiki/National_missile_defense\r\n\r\nH.Amdt. 266 Amendment sought to provide that it is U.S. policy to continue missile defense testing: Would increase the amount authorized for the Missile Defense Agency by $1.2 billion, offset by a reduction of the same amount for defense environmental cleanup. It would provide that it be U.S. policy to continue development of systems to intercept missiles.\r\nhttp://www.govtrack.us/congress/amendment.xpd?session=111&amdt=h266", "answers": [109, 110], "shared_to": [], "source": null, "question_type": "MC", "commenters": [], "official": true}}, {"pk": 35, "model": "modernpolitics.question", "fields": {"question_text": "Should marriage in the United States be explicitly defined as the union of a man and a woman?", "lg_weight": 0, "topics": [8], "relevant_info": "H.J.Res. 88 Marriage Protection Amendment: Would have amended the United States Constitution and defined marriage as between one man and one woman.\r\nhttp://www.govtrack.us/congress/bill.xpd?bill=hj109-88", "answers": [177, 178], "shared_to": [], "source": null, "question_type": "MC", "commenters": [], "official": true}}, {"pk": 36, "model": "modernpolitics.question", "fields": {"question_text": "Should skill level and potential contribution to society be the basis for granting immigrants  permanent U.S. residency? ", "lg_weight": 0, "topics": [8], "relevant_info": "Diversity Immigrant Visa: http://en.wikipedia.org/wiki/Diversity_Immigrant_Visa\r\n\r\nH.Amdt. 650 Amendment eliminates the visa lottery program: Would eliminate the diversity  visa  program,  otherwise  known  as  the  visa  lottery.  The  diversity  visa  program  sets aside  50,000  permanent resident  visas (green  cards)  annually,  but  issues  them randomly  to eligible  applicants  instead  of  pursuant  to  an  analysis  of  the  alien\u2019s  skill  level  or  potential contribution to society.\r\nhttp://www.govtrack.us/congress/vote.xpd?vote=h2005-653&sort=vote", "answers": [113, 114], "shared_to": [], "source": null, "question_type": "MC", "commenters": [], "official": true}}, {"pk": 37, "model": "modernpolitics.question", "fields": {"question_text": "Should the minimum wage be increased?", "lg_weight": 0, "topics": [1], "relevant_info": "H.R. 2 Fair Minimum Wage Act of 2007: increased over time the federal minimum wage from $5.15 to $7.25 an hour.\r\nhttp://www.govtrack.us/congress/bill.xpd?bill=h110-2", "answers": [115, 116], "shared_to": [], "source": null, "question_type": "MC", "commenters": [], "official": true}}, {"pk": 38, "model": "modernpolitics.question", "fields": {"question_text": "Should the U.S. expand offshore drilling?", "lg_weight": 0, "topics": [12], "relevant_info": "H.R. 1229 Putting the Gulf of Mexico Back to Work Act: Would expand offshore drilling and make it more dangerous by enacting oversight standards that are weaker than those that were in place before the catastrophic 2010 Gulf oil spill disaster. The legislation would impose a rushed and arbitrary time period of just 30 days for the Interior Secretary to approve or deny drilling permits, and it would grant automatic approval if no action is taken within 60 days.\r\nhttp://www.govtrack.us/congress/bill.xpd?bill=h112-1229", "answers": [117, 118], "shared_to": [], "source": null, "question_type": "MC", "commenters": [], "official": true}}, {"pk": 39, "model": "modernpolitics.question", "fields": {"question_text": "Should law enforcement officers be allowed to search a home or business without the owner\u2019s or the occupant\u2019s permission or knowledge?", "lg_weight": 0, "topics": [21], "relevant_info": "Patriot Act: http://en.wikipedia.org/wiki/Patriot_Act\r\n\r\nH.R. 3162 Uniting and Strengthening America by Providing Appropriate Tools Required to Intercept and Obstruct Terrorism (USA PATRIOT Act): Authorizes\u00a0indefinite detentions\u00a0of immigrants. Allows law enforcement officers to search a home or business without the owner\u2019s or the occupant\u2019s permission or knowledge. Allows the search of telephone, e-mail, and financial records without a court order, and the expanded access of law enforcement agencies to business records, including library and financial records. Since its passage, several legal challenges have been brought against the act, and Federal courts have ruled that a number of provisions are unconstitutional.\r\nhttp://www.govtrack.us/congress/bill.xpd?bill=h107-3162", "answers": [119, 120], "shared_to": [], "source": null, "question_type": "MC", "commenters": [], "official": true}}, {"pk": 40, "model": "modernpolitics.question", "fields": {"question_text": "Should sex education programs advocate for use of contraceptives as opposed to abstinence?", "lg_weight": 0, "topics": [3], "relevant_info": "Sex education in the United States: http://en.wikipedia.org/wiki/Sex_education_in_the_United_States\r\n\r\nS.Amdt. 4689 To authorize grants to carry out programs to provide education on preventing teen pregnancies: Would have increased funding for comprehensive sex-ed programs, steered funding toward condom distribution and undermined abstinence-untilmarriage education programs.\r\nhttp://www.govtrack.us/congress/amendment.xpd?session=109&amdt=s4689", "answers": [121, 122], "shared_to": [], "source": null, "question_type": "MC", "commenters": [], "official": true}}, {"pk": 41, "model": "modernpolitics.question", "fields": {"question_text": "Should the government be required to fully disclose all entities and organizations that have received federal funding?", "lg_weight": 0, "topics": [1], "relevant_info": "S. 2590 Federal Funding Accountability and Transparency Act of 2006: A bill to require full disclosure of all entities and organizations receiving Federal funds. Established USAspending.gov, which allows citizens to track government spending.\r\nhttp://www.govtrack.us/congress/bill.xpd?bill=s109-2590", "answers": [123, 124], "shared_to": [], "source": null, "question_type": "MC", "commenters": [], "official": true}}, {"pk": 42, "model": "modernpolitics.question", "fields": {"question_text": "Should companies involved in offshore drilling be required to equip their vessels with pollution control technology?", "lg_weight": 0, "topics": [10], "relevant_info": "H.R. 2021 Jobs and Energy Permitting Act of 2011: Bill would exempt these companies from requirements to apply available pollution control technology to vessels involved in offshore drilling, and waive permit reviews by the EpA\u2019s Environmental Appeals Board.\r\nhttp://www.govtrack.us/congress/bill.xpd?bill=h112-2021", "answers": [125, 126], "shared_to": [], "source": null, "question_type": "MC", "commenters": [], "official": true}}, {"pk": 43, "model": "modernpolitics.question", "fields": {"question_text": "Should states have the authority to decide whether or not offshore drilling takes place in their waters?", "lg_weight": 0, "topics": [12], "relevant_info": "H.R. 1231 Reversing President Obama's Offshore Moratorium Act: To amend the Outer Continental Shelf Lands Act to require that each 5-year offshore oil and gas leasing program offer leasing in the areas with the most prospective oil and gas resources, to establish a domestic oil and natural gas production goal, and for other purposes.Would ensure that drilling occurs off the beaches of the entire East Coast down to North Carolina, off the Southern California coast, and in the Arctic ocean and Alaska\u2019s salmon-rich Bristol Bay\u2014regardless of whether a state objects to such drilling.\r\nhttp://www.govtrack.us/congress/bill.xpd?bill=h112-1231", "answers": [127, 128], "shared_to": [], "source": null, "question_type": "MC", "commenters": [], "official": true}}, {"pk": 45, "model": "modernpolitics.question", "fields": {"question_text": "Should religious schools be eligible for federal funding?", "lg_weight": 0, "topics": [3], "relevant_info": "H.R. 471 Scholarships for Opportunity and Results Act: Would reauthorize and expand federal funding for private and religious school vouchers in the District of Columbia.\r\nhttp://www.govtrack.us/congress/bill.xpd?bill=h112-471", "answers": [131, 132], "shared_to": [], "source": null, "question_type": "MC", "commenters": [], "official": true}}, {"pk": 46, "model": "modernpolitics.question", "fields": {"question_text": "Should the government invest in research and development of more energy efficient technologies for our automobiles?", "lg_weight": 0, "topics": [12], "relevant_info": "H.R. 3246 Advanced Vehicle Technology Act of 2009: To provide for a program of research, development, demonstration and commercial application in vehicle technologies at the Department of Energy.\r\nhttp://www.govtrack.us/congress/bill.xpd?bill=h111-3246", "answers": [133, 134], "shared_to": [], "source": null, "question_type": "MC", "commenters": [], "official": true}}, {"pk": 47, "model": "modernpolitics.question", "fields": {"question_text": "Should the U.S. increase its use of nuclear power?", "lg_weight": 0, "topics": [12], "relevant_info": "H.R. 6 Energy Policy Act of 2005: Support for advanced nuclear technology. Federal loan guarantees for advanced nuclear reactors or other emission-free technologies up to 80% of the project cost. Federal risk insurance of $2 billion to cover regulatory delays in full-power operation of the first six advanced new plants. Production tax credits.\r\nhttp://www.govtrack.us/congress/bill.xpd?bill=h109-6", "answers": [137, 138], "shared_to": [], "source": null, "question_type": "MC", "commenters": [], "official": true}}, {"pk": 48, "model": "modernpolitics.question", "fields": {"question_text": "Should the government provide loan gaurantees and tax breaks for technologies that reduce greenhouse gas emissions?", "lg_weight": 0, "topics": [12], "relevant_info": "Renewable Energy: http://en.wikipedia.org/wiki/Renewable_energy\r\n\r\nRenewable energy in the United States: http://en.wikipedia.org/wiki/Renewable_energy_in_the_United_States\r\n\r\nH.R. 2454 American Clean Energy and Security Act of 2009: To create clean energy jobs, achieve energy independence, reduce global warming pollution and transition to a clean energy economy. This is the so-called Waxman-Markey cap and trade bill and was considered more comprehensive and ambitious than both the Lieberman-Warner Bill and President Obama\u2019s proposal. \r\nhttp://www.govtrack.us/congress/bill.xpd?bill=h111-2454\r\n\r\nH.R. 3585 Solar Technology Roadmap Act: Would provide additional federal funding to advance U.S. research, development, and demonstration efforts related to solar technology,\r\nhttp://www.govtrack.us/congress/bill.xpd?bill=h111-3585\r\n", "answers": [179, 180], "shared_to": [], "source": null, "question_type": "MC", "commenters": [], "official": true}}, {"pk": 1940, "model": "modernpolitics.question", "fields": {"question_text": "Should Medicaid be expanded in order to cover more uninsured Americans?", "lg_weight": 0, "topics": [11], "relevant_info": "", "answers": [141, 142], "shared_to": [], "source": null, "question_type": "MC", "commenters": [], "official": true}}, {"pk": 1941, "model": "modernpolitics.question", "fields": {"question_text": "Should the U.S. have a national, government-run health care system similar to those in Europe and Canada?", "lg_weight": 0, "topics": [11], "relevant_info": "", "answers": [143, 144], "shared_to": [], "source": null, "question_type": "MC", "commenters": [], "official": true}}, {"pk": 1942, "model": "modernpolitics.question", "fields": {"question_text": "Should all U.S. citizens be required to have health insurance?", "lg_weight": 0, "topics": [11], "relevant_info": "", "answers": [145, 146], "shared_to": [], "source": null, "question_type": "MC", "commenters": [], "official": true}}, {"pk": 4165, "model": "modernpolitics.question", "fields": {"question_text": "Should openly gay individuals serve in the military?", "lg_weight": 0, "topics": [8], "relevant_info": "S. 4023 Don't Ask, Don't Tell Repeal Act of 2010: Repeals \"Don't Ask, Don't Tell.\"", "answers": [181, 182], "shared_to": [], "source": null, "question_type": "CB", "commenters": [], "official": true}}, {"pk": 4174, "model": "modernpolitics.question", "fields": {"question_text": "Should the U.S. government aid homeowners in financing energy efficiency renovations?", "lg_weight": 0, "topics": [10], "relevant_info": "H.R. 4785 Rural Energy Savings Program Act: Would authorize $5 billion over five years to create two energy efficiency loan programs, including $850 million annually for the Home Star Energy Efficiency Loan Program to support loans to finance energy efficiency home renovations and $150 million annually for the Rural Energy Savings Program to make loans to eligible entities for energy efficiency measures in rural areas.\r\nhttp://www.govtrack.us/congress/bills/111/hr4785", "answers": [183, 184], "shared_to": [], "source": null, "question_type": "MC", "commenters": [], "official": true}}, {"pk": 4176, "model": "modernpolitics.question", "fields": {"question_text": "Should the government be funding environmental education programs for students and the public?", "lg_weight": 0, "topics": [10], "relevant_info": "H.R. 3644 Ocean, Coastal, and Watershed Education Act: To authorize and increase funding for two key National Oceanic and Atmospheric Administration (NOAA) education programs. Helps NOAA establish new partnerships with top science centers, aquaria and education institutions to deliver environmental education materials to thousands of teachers who educate students and the public.\r\nhttp://www.govtrack.us/congress/bills/111/hr3644\r\n", "answers": [152, 153], "shared_to": [], "source": null, "question_type": "MC", "commenters": [], "official": true}}, {"pk": 170837, "model": "modernpolitics.question", "fields": {"question_text": "Should the U.S. expand oil shale mining operations?", "lg_weight": 5, "topics": [12], "relevant_info": "H.R. 3408 PIONEERS Act: No later than January 1, 2016, the Secretary of the Interior shall hold no less than 5 separate commercial lease sales in areas considered to have the most potential for oil shale development, as determined by the Secretary, in areas nominated through public comment. Each lease sale shall be for an area of not less than 25,000 acres, and in multiple lease blocs.", "answers": [185, 186], "shared_to": [], "source": null, "question_type": "MC", "commenters": [], "official": true}}, {"pk": 170838, "model": "modernpolitics.question", "fields": {"question_text": "Should the federal government be promoting the development of more charter schools in the U.S.?", "lg_weight": 5, "topics": [3], "relevant_info": "H.R. 2218 Empowering Parents through Quality Charter Schools Act: To promote the development of high-performing charter schools and give students in under-performing public schools more educational options.\u00a0\r\nhttp://www.govtrack.us/congress/bills/112/hr2218", "answers": [187, 188], "shared_to": [], "source": null, "question_type": "MC", "commenters": [], "official": true}}, {"pk": 170842, "model": "modernpolitics.question", "fields": {"question_text": "Should the U.S. use a cap and trade system in order to reduce greenhouse gas emissions?", "lg_weight": 5, "topics": [12], "relevant_info": "H.R. 2454 American Clean Energy and Security Act of 2009: To create clean energy jobs, achieve energy independence, reduce global warming pollution and transition to a clean energy economy. This is the so-called Waxman-Markey cap and trade bill and was considered more comprehensive and ambitious than both the Lieberman-Warner Bill and President Obama\u2019s proposal. \r\nhttp://www.govtrack.us/congress/bills/111/hr2454", "answers": [189, 190], "shared_to": [], "source": null, "question_type": "MC", "commenters": [], "official": true}}, {"pk": 170846, "model": "modernpolitics.question", "fields": {"question_text": "Should health insurance companies that issue long term plans be required to address disputed claims through a third-party review process?", "lg_weight": 5, "topics": [11], "relevant_info": "S. 3230 Long Term Care Insurance Integrity Act of 2012: A bill to require issuers of long term care insurance to establish third-party review processes for disputed claims.\r\nhttp://www.govtrack.us/congress/bills/112/s3230", "answers": [191, 192], "shared_to": [], "source": null, "question_type": "MC", "commenters": [], "official": true}}, {"pk": 170853, "model": "modernpolitics.question", "fields": {"question_text": "Should employers be required to take responsibility for a greater percentage of employees' health insurance expenses?", "lg_weight": 5, "topics": [11], "relevant_info": "H.R. 4872 Health Care and Education Reconciliation Act of 2010: Reduces from 9.8% to 9.5% of a taxpayer's household income the maximum amount an employee's required contribution to an employer-sponsored plan may be for such employee to be treated as eligible for employer-sponsored minimum essential coverage. Increases the percentage of employer cost sharing for the out-of-pocket expenses of individuals with household incomes between 100% and 400% of the federal poverty line.\r\nhttp://www.govtrack.us/congress/bills/111/hr4872", "answers": [193, 194], "shared_to": [], "source": null, "question_type": "MC", "commenters": [], "official": true}}, {"pk": 171282, "model": "modernpolitics.question", "fields": {"question_text": "Should the Food and Drug Administration have a less thorough review process for prescriptions drugs in order to increase availablility to patients?", "lg_weight": 5, "topics": [11], "relevant_info": "H.R. 5651 Food and Drug Administration Reform Act of 2012: Directs the FDA to use an accelerated approval program already taken advantage of by cancer and AIDS treatments that requires a lower standard of evidence for initial clearance of medicines for life-threatening diseases.\r\nhttp://www.govtrack.us/congress/votes/112-2012/h294", "answers": [195, 196], "shared_to": [], "source": null, "question_type": "MC", "commenters": [], "official": true}}, {"pk": 171295, "model": "modernpolitics.question", "fields": {"question_text": "Should makers of generic drugs be required to pay fees similar to those paid by brand-name manufacturers to have their drugs reviewed by the FDA?", "lg_weight": 5, "topics": [11], "relevant_info": "S. 3187 Food and Drug Administration Safety and Innovation Act: Expands the user-fee program from traditional, brand-name drug makers and medical-device makers to generic drug makers and firms making \"biosimilar\" knockoffs of expensive drugs. Estimated $6 billion in user fees from 2013 through 2017 would pay for about 60% of the FDA's drug-and-device-review costs, the agency estimated.\r\nhttp://www.govtrack.us/congress/bills/112/s3187", "answers": [197, 198], "shared_to": [], "source": null, "question_type": "MC", "commenters": [], "official": true}}, {"pk": 171412, "model": "modernpolitics.question", "fields": {"question_text": "Should states be able to set their own water quality standards separate from those of the federal government?", "lg_weight": 5, "topics": [10], "relevant_info": "H.R. 2018 Clean Water Cooperative Federalism Act of 2011: Restricts EPA\u2019s ability to second-guess or delay a state\u2019s permitting and water quality certification decisions under the CWA once EPA has already approved a state\u2019s program.\r\nhttp://www.govtrack.us/congress/bills/112/hr2018", "answers": [199, 200], "shared_to": [], "source": null, "question_type": "MC", "commenters": [], "official": true}}, {"pk": 171480, "model": "modernpolitics.question", "fields": {"question_text": "Should a certain percentage of HIV/AIDS prevention funding be allocated only to programs that promote abstinence?", "lg_weight": 5, "topics": [11], "relevant_info": "H.Amdt. 364 Maintain Abstinence and Faithfulness Programs to Prevent Spread of HIV/AIDs: Restores a carefully negotiated prevention policy which requires a third of HIV/AIDs prevention funding to be spent for \u201cabstinence-until-marriage\u201d and \u201cbe-faithful.\"\r\nhttp://thomas.loc.gov/cgi-bin/bdquery/z?d110:HZ364:", "answers": [201, 202], "shared_to": [], "source": null, "question_type": "MC", "commenters": [], "official": true}}, {"pk": 171522, "model": "modernpolitics.response", "fields": {"most_chosen_answer": 14, "total_num": 1, "weight": 5, "explanation": "", "question": 4, "answer_tallies": [], "most_chosen_num": 1, "shared_to": [], "answer_val": -1, "topics": [8], "commenters": []}}, {"pk": 171523, "model": "modernpolitics.response", "fields": {"most_chosen_answer": 22, "total_num": 1, "weight": 5, "explanation": "", "question": 5, "answer_tallies": [], "most_chosen_num": 1, "shared_to": [], "answer_val": -1, "topics": [21], "commenters": []}}, {"pk": 171524, "model": "modernpolitics.response", "fields": {"most_chosen_answer": 155, "total_num": 1, "weight": 5, "explanation": "", "question": 8, "answer_tallies": [], "most_chosen_num": 1, "shared_to": [], "answer_val": -1, "topics": [8], "commenters": []}}, {"pk": 171525, "model": "modernpolitics.response", "fields": {"most_chosen_answer": 158, "total_num": 1, "weight": 5, "explanation": "", "question": 9, "answer_tallies": [], "most_chosen_num": 1, "shared_to": [], "answer_val": -1, "topics": [11], "commenters": []}}, {"pk": 171526, "model": "modernpolitics.response", "fields": {"most_chosen_answer": 159, "total_num": 1, "weight": 5, "explanation": "", "question": 10, "answer_tallies": [], "most_chosen_num": 1, "shared_to": [], "answer_val": -1, "topics": [10], "commenters": []}}, {"pk": 171527, "model": "modernpolitics.response", "fields": {"most_chosen_answer": 161, "total_num": 1, "weight": 5, "explanation": "", "question": 11, "answer_tallies": [], "most_chosen_num": 1, "shared_to": [], "answer_val": -1, "topics": [1], "commenters": []}}, {"pk": 171528, "model": "modernpolitics.response", "fields": {"most_chosen_answer": 53, "total_num": 1, "weight": 5, "explanation": "", "question": 12, "answer_tallies": [], "most_chosen_num": 1, "shared_to": [], "answer_val": -1, "topics": [21], "commenters": []}}, {"pk": 171529, "model": "modernpolitics.response", "fields": {"most_chosen_answer": 58, "total_num": 1, "weight": 5, "explanation": "", "question": 14, "answer_tallies": [], "most_chosen_num": 1, "shared_to": [], "answer_val": -1, "topics": [8], "commenters": []}}, {"pk": 171530, "model": "modernpolitics.response", "fields": {"most_chosen_answer": 69, "total_num": 1, "weight": 5, "explanation": "", "question": 15, "answer_tallies": [], "most_chosen_num": 1, "shared_to": [], "answer_val": -1, "topics": [21], "commenters": []}}, {"pk": 171531, "model": "modernpolitics.response", "fields": {"most_chosen_answer": 72, "total_num": 1, "weight": 5, "explanation": "", "question": 16, "answer_tallies": [], "most_chosen_num": 1, "shared_to": [], "answer_val": -1, "topics": [1], "commenters": []}}, {"pk": 171532, "model": "modernpolitics.response", "fields": {"most_chosen_answer": 74, "total_num": 1, "weight": 5, "explanation": "", "question": 17, "answer_tallies": [], "most_chosen_num": 1, "shared_to": [], "answer_val": -1, "topics": [3], "commenters": []}}, {"pk": 171533, "model": "modernpolitics.response", "fields": {"most_chosen_answer": 164, "total_num": 1, "weight": 5, "explanation": "", "question": 18, "answer_tallies": [], "most_chosen_num": 1, "shared_to": [], "answer_val": -1, "topics": [1], "commenters": []}}, {"pk": 171534, "model": "modernpolitics.response", "fields": {"most_chosen_answer": 77, "total_num": 1, "weight": 5, "explanation": "", "question": 19, "answer_tallies": [], "most_chosen_num": 1, "shared_to": [], "answer_val": -1, "topics": [21], "commenters": []}}, {"pk": 171535, "model": "modernpolitics.response", "fields": {"most_chosen_answer": 80, "total_num": 1, "weight": 5, "explanation": "", "question": 20, "answer_tallies": [], "most_chosen_num": 1, "shared_to": [], "answer_val": -1, "topics": [1], "commenters": []}}, {"pk": 171536, "model": "modernpolitics.response", "fields": {"most_chosen_answer": 166, "total_num": 1, "weight": 5, "explanation": "", "question": 21, "answer_tallies": [], "most_chosen_num": 1, "shared_to": [], "answer_val": -1, "topics": [21], "commenters": []}}, {"pk": 171537, "model": "modernpolitics.response", "fields": {"most_chosen_answer": 168, "total_num": 1, "weight": 5, "explanation": "", "question": 22, "answer_tallies": [], "most_chosen_num": 1, "shared_to": [], "answer_val": -1, "topics": [21], "commenters": []}}, {"pk": 171538, "model": "modernpolitics.response", "fields": {"most_chosen_answer": 170, "total_num": 1, "weight": 5, "explanation": "", "question": 23, "answer_tallies": [], "most_chosen_num": 1, "shared_to": [], "answer_val": -1, "topics": [3], "commenters": []}}, {"pk": 171539, "model": "modernpolitics.response", "fields": {"most_chosen_answer": 171, "total_num": 1, "weight": 5, "explanation": "", "question": 24, "answer_tallies": [], "most_chosen_num": 1, "shared_to": [], "answer_val": -1, "topics": [21], "commenters": []}}, {"pk": 171540, "model": "modernpolitics.response", "fields": {"most_chosen_answer": 92, "total_num": 1, "weight": 5, "explanation": "", "question": 25, "answer_tallies": [], "most_chosen_num": 1, "shared_to": [], "answer_val": -1, "topics": [1], "commenters": []}}, {"pk": 171541, "model": "modernpolitics.response", "fields": {"most_chosen_answer": 93, "total_num": 1, "weight": 5, "explanation": "", "question": 26, "answer_tallies": [], "most_chosen_num": 1, "shared_to": [], "answer_val": -1, "topics": [8], "commenters": []}}, {"pk": 171542, "model": "modernpolitics.response", "fields": {"most_chosen_answer": 97, "total_num": 1, "weight": 5, "explanation": "", "question": 28, "answer_tallies": [], "most_chosen_num": 1, "shared_to": [], "answer_val": -1, "topics": [3], "commenters": []}}, {"pk": 171543, "model": "modernpolitics.response", "fields": {"most_chosen_answer": 100, "total_num": 1, "weight": 5, "explanation": "", "question": 29, "answer_tallies": [], "most_chosen_num": 1, "shared_to": [], "answer_val": -1, "topics": [1], "commenters": []}}, {"pk": 171544, "model": "modernpolitics.response", "fields": {"most_chosen_answer": 173, "total_num": 1, "weight": 5, "explanation": "", "question": 30, "answer_tallies": [], "most_chosen_num": 1, "shared_to": [], "answer_val": -1, "topics": [10], "commenters": []}}, {"pk": 171545, "model": "modernpolitics.response", "fields": {"most_chosen_answer": 104, "total_num": 1, "weight": 5, "explanation": "", "question": 31, "answer_tallies": [], "most_chosen_num": 1, "shared_to": [], "answer_val": -1, "topics": [1], "commenters": []}}, {"pk": 171546, "model": "modernpolitics.response", "fields": {"most_chosen_answer": 175, "total_num": 1, "weight": 5, "explanation": "", "question": 32, "answer_tallies": [], "most_chosen_num": 1, "shared_to": [], "answer_val": -1, "topics": [10], "commenters": []}}, {"pk": 171547, "model": "modernpolitics.response", "fields": {"most_chosen_answer": 108, "total_num": 1, "weight": 5, "explanation": "", "question": 33, "answer_tallies": [], "most_chosen_num": 1, "shared_to": [], "answer_val": -1, "topics": [21], "commenters": []}}, {"pk": 171548, "model": "modernpolitics.response", "fields": {"most_chosen_answer": 109, "total_num": 1, "weight": 5, "explanation": "", "question": 34, "answer_tallies": [], "most_chosen_num": 1, "shared_to": [], "answer_val": -1, "topics": [21], "commenters": []}}, {"pk": 171549, "model": "modernpolitics.response", "fields": {"most_chosen_answer": 177, "total_num": 1, "weight": 5, "explanation": "", "question": 35, "answer_tallies": [], "most_chosen_num": 1, "shared_to": [], "answer_val": -1, "topics": [8], "commenters": []}}, {"pk": 171550, "model": "modernpolitics.response", "fields": {"most_chosen_answer": 113, "total_num": 1, "weight": 5, "explanation": "", "question": 36, "answer_tallies": [], "most_chosen_num": 1, "shared_to": [], "answer_val": -1, "topics": [8], "commenters": []}}, {"pk": 171551, "model": "modernpolitics.response", "fields": {"most_chosen_answer": 116, "total_num": 1, "weight": 5, "explanation": "", "question": 37, "answer_tallies": [], "most_chosen_num": 1, "shared_to": [], "answer_val": -1, "topics": [1], "commenters": []}}, {"pk": 171552, "model": "modernpolitics.response", "fields": {"most_chosen_answer": 118, "total_num": 1, "weight": 5, "explanation": "", "question": 38, "answer_tallies": [], "most_chosen_num": 1, "shared_to": [], "answer_val": -1, "topics": [12], "commenters": []}}, {"pk": 171553, "model": "modernpolitics.response", "fields": {"most_chosen_answer": 120, "total_num": 1, "weight": 5, "explanation": "", "question": 39, "answer_tallies": [], "most_chosen_num": 1, "shared_to": [], "answer_val": -1, "topics": [21], "commenters": []}}, {"pk": 171554, "model": "modernpolitics.response", "fields": {"most_chosen_answer": 121, "total_num": 1, "weight": 5, "explanation": "", "question": 40, "answer_tallies": [], "most_chosen_num": 1, "shared_to": [], "answer_val": -1, "topics": [3], "commenters": []}}, {"pk": 171555, "model": "modernpolitics.response", "fields": {"most_chosen_answer": 123, "total_num": 1, "weight": 5, "explanation": "", "question": 41, "answer_tallies": [], "most_chosen_num": 1, "shared_to": [], "answer_val": -1, "topics": [1], "commenters": []}}, {"pk": 171556, "model": "modernpolitics.response", "fields": {"most_chosen_answer": 126, "total_num": 1, "weight": 5, "explanation": "", "question": 42, "answer_tallies": [], "most_chosen_num": 1, "shared_to": [], "answer_val": -1, "topics": [10], "commenters": []}}, {"pk": 171557, "model": "modernpolitics.response", "fields": {"most_chosen_answer": 127, "total_num": 1, "weight": 5, "explanation": "", "question": 43, "answer_tallies": [], "most_chosen_num": 1, "shared_to": [], "answer_val": -1, "topics": [12], "commenters": []}}, {"pk": 171558, "model": "modernpolitics.response", "fields": {"most_chosen_answer": 131, "total_num": 1, "weight": 5, "explanation": "", "question": 45, "answer_tallies": [], "most_chosen_num": 1, "shared_to": [], "answer_val": -1, "topics": [3], "commenters": []}}, {"pk": 171559, "model": "modernpolitics.response", "fields": {"most_chosen_answer": 133, "total_num": 1, "weight": 5, "explanation": "", "question": 46, "answer_tallies": [], "most_chosen_num": 1, "shared_to": [], "answer_val": -1, "topics": [12], "commenters": []}}, {"pk": 171560, "model": "modernpolitics.response", "fields": {"most_chosen_answer": 138, "total_num": 1, "weight": 5, "explanation": "", "question": 47, "answer_tallies": [], "most_chosen_num": 1, "shared_to": [], "answer_val": -1, "topics": [12], "commenters": []}}, {"pk": 171561, "model": "modernpolitics.response", "fields": {"most_chosen_answer": 179, "total_num": 1, "weight": 5, "explanation": "", "question": 48, "answer_tallies": [], "most_chosen_num": 1, "shared_to": [], "answer_val": -1, "topics": [10], "commenters": []}}, {"pk": 171562, "model": "modernpolitics.response", "fields": {"most_chosen_answer": 141, "total_num": 1, "weight": 5, "explanation": "", "question": 1940, "answer_tallies": [], "most_chosen_num": 1, "shared_to": [], "answer_val": -1, "topics": [11], "commenters": []}}, {"pk": 171563, "model": "modernpolitics.response", "fields": {"most_chosen_answer": 144, "total_num": 1, "weight": 5, "explanation": "", "question": 1941, "answer_tallies": [], "most_chosen_num": 1, "shared_to": [], "answer_val": -1, "topics": [11], "commenters": []}}, {"pk": 171564, "model": "modernpolitics.response", "fields": {"most_chosen_answer": 146, "total_num": 1, "weight": 5, "explanation": "", "question": 1942, "answer_tallies": [], "most_chosen_num": 1, "shared_to": [], "answer_val": -1, "topics": [11], "commenters": []}}, {"pk": 171565, "model": "modernpolitics.response", "fields": {"most_chosen_answer": 182, "total_num": 1, "weight": 5, "explanation": "", "question": 4165, "answer_tallies": [], "most_chosen_num": 1, "shared_to": [], "answer_val": -1, "topics": [8], "commenters": []}}, {"pk": 171566, "model": "modernpolitics.response", "fields": {"most_chosen_answer": 183, "total_num": 1, "weight": 5, "explanation": "", "question": 4174, "answer_tallies": [], "most_chosen_num": 1, "shared_to": [], "answer_val": -1, "topics": [12], "commenters": []}}, {"pk": 171567, "model": "modernpolitics.response", "fields": {"most_chosen_answer": 153, "total_num": 1, "weight": 5, "explanation": "", "question": 4176, "answer_tallies": [], "most_chosen_num": 1, "shared_to": [], "answer_val": -1, "topics": [10], "commenters": []}}, {"pk": 171568, "model": "modernpolitics.response", "fields": {"most_chosen_answer": 186, "total_num": 1, "weight": 5, "explanation": "", "question": 170837, "answer_tallies": [], "most_chosen_num": 1, "shared_to": [], "answer_val": -1, "topics": [12], "commenters": []}}, {"pk": 171569, "model": "modernpolitics.response", "fields": {"most_chosen_answer": 188, "total_num": 1, "weight": 5, "explanation": "", "question": 170838, "answer_tallies": [], "most_chosen_num": 1, "shared_to": [], "answer_val": -1, "topics": [3], "commenters": []}}, {"pk": 171570, "model": "modernpolitics.response", "fields": {"most_chosen_answer": 189, "total_num": 1, "weight": 5, "explanation": "", "question": 170842, "answer_tallies": [], "most_chosen_num": 1, "shared_to": [], "answer_val": -1, "topics": [12], "commenters": []}}, {"pk": 171571, "model": "modernpolitics.response", "fields": {"most_chosen_answer": 191, "total_num": 1, "weight": 5, "explanation": "", "question": 170846, "answer_tallies": [], "most_chosen_num": 1, "shared_to": [], "answer_val": -1, "topics": [11], "commenters": []}}, {"pk": 171572, "model": "modernpolitics.response", "fields": {"most_chosen_answer": 194, "total_num": 1, "weight": 5, "explanation": "", "question": 170853, "answer_tallies": [], "most_chosen_num": 1, "shared_to": [], "answer_val": -1, "topics": [11], "commenters": []}}, {"pk": 171573, "model": "modernpolitics.response", "fields": {"most_chosen_answer": 195, "total_num": 1, "weight": 5, "explanation": "", "question": 171282, "answer_tallies": [], "most_chosen_num": 1, "shared_to": [], "answer_val": -1, "topics": [11], "commenters": []}}, {"pk": 171574, "model": "modernpolitics.response", "fields": {"most_chosen_answer": 198, "total_num": 1, "weight": 5, "explanation": "", "question": 171295, "answer_tallies": [], "most_chosen_num": 1, "shared_to": [], "answer_val": -1, "topics": [11], "commenters": []}}, {"pk": 171575, "model": "modernpolitics.response", "fields": {"most_chosen_answer": 199, "total_num": 1, "weight": 5, "explanation": "", "question": 171412, "answer_tallies": [], "most_chosen_num": 1, "shared_to": [], "answer_val": -1, "topics": [10], "commenters": []}}, {"pk": 171576, "model": "modernpolitics.response", "fields": {"most_chosen_answer": 202, "total_num": 1, "weight": 5, "explanation": "", "question": 171480, "answer_tallies": [], "most_chosen_num": 1, "shared_to": [], "answer_val": -1, "topics": [11], "commenters": []}}, {"pk": 1, "model": "modernpolitics.worldview", "fields": {"responses": []}}, {"pk": 2, "model": "modernpolitics.worldview", "fields": {"responses": []}}, {"pk": 3, "model": "modernpolitics.worldview", "fields": {"responses": []}}, {"pk": 4, "model": "modernpolitics.worldview", "fields": {"responses": []}}, {"pk": 5, "model": "modernpolitics.worldview", "fields": {"responses": []}}, {"pk": 6, "model": "modernpolitics.worldview", "fields": {"responses": []}}, {"pk": 7, "model": "modernpolitics.worldview", "fields": {"responses": []}}, {"pk": 8, "model": "modernpolitics.worldview", "fields": {"responses": []}}, {"pk": 9, "model": "modernpolitics.worldview", "fields": {"responses": []}}, {"pk": 10, "model": "modernpolitics.worldview", "fields": {"responses": []}}, {"pk": 11, "model": "modernpolitics.worldview", "fields": {"responses": []}}, {"pk": 12, "model": "modernpolitics.worldview", "fields": {"responses": []}}, {"pk": 13, "model": "modernpolitics.worldview", "fields": {"responses": []}}, {"pk": 14, "model": "modernpolitics.worldview", "fields": {"responses": []}}, {"pk": 15, "model": "modernpolitics.worldview", "fields": {"responses": []}}, {"pk": 16, "model": "modernpolitics.worldview", "fields": {"responses": []}}, {"pk": 17, "model": "modernpolitics.worldview", "fields": {"responses": []}}, {"pk": 18, "model": "modernpolitics.worldview", "fields": {"responses": []}}, {"pk": 19, "model": "modernpolitics.worldview", "fields": {"responses": []}}, {"pk": 20, "model": "modernpolitics.worldview", "fields": {"responses": []}}, {"pk": 21, "model": "modernpolitics.worldview", "fields": {"responses": []}}, {"pk": 22, "model": "modernpolitics.worldview", "fields": {"responses": []}}, {"pk": 23, "model": "modernpolitics.worldview", "fields": {"responses": []}}, {"pk": 24, "model": "modernpolitics.worldview", "fields": {"responses": []}}, {"pk": 25, "model": "modernpolitics.worldview", "fields": {"responses": []}}, {"pk": 26, "model": "modernpolitics.worldview", "fields": {"responses": []}}, {"pk": 27, "model": "modernpolitics.worldview", "fields": {"responses": []}}, {"pk": 28, "model": "modernpolitics.worldview", "fields": {"responses": []}}, {"pk": 29, "model": "modernpolitics.worldview", "fields": {"responses": []}}, {"pk": 30, "model": "modernpolitics.worldview", "fields": {"responses": []}}, {"pk": 31, "model": "modernpolitics.worldview", "fields": {"responses": []}}, {"pk": 32, "model": "modernpolitics.worldview", "fields": {"responses": [171522, 171523, 171524, 171525, 171526, 171527, 171528, 171529, 171530, 171531, 171532, 171533, 171534, 171535, 171536, 171537, 171538, 171539, 171540, 171541, 171542, 171543, 171544, 171545, 171546, 171547, 171548, 171549, 171550, 171551, 171552, 171553, 171554, 171555, 171556, 171557, 171558, 171559, 171560, 171561, 171562, 171563, 171564, 171565, 171566, 171567, 171568, 171569, 171570, 171571, 171572, 171573, 171574, 171575, 171576]}}, {"pk": 33, "model": "modernpolitics.worldview", "fields": {"responses": []}}, {"pk": 34, "model": "modernpolitics.worldview", "fields": {"responses": []}}, {"pk": 35, "model": "modernpolitics.worldview", "fields": {"responses": []}}, {"pk": 36, "model": "modernpolitics.worldview", "fields": {"responses": []}}, {"pk": 37, "model": "modernpolitics.worldview", "fields": {"responses": []}}, {"pk": 38, "model": "modernpolitics.worldview", "fields": {"responses": []}}, {"pk": 39, "model": "modernpolitics.worldview", "fields": {"responses": []}}, {"pk": 40, "model": "modernpolitics.worldview", "fields": {"responses": []}}, {"pk": 41, "model": "modernpolitics.worldview", "fields": {"responses": []}}, {"pk": 42, "model": "modernpolitics.worldview", "fields": {"responses": []}}, {"pk": 43, "model": "modernpolitics.worldview", "fields": {"responses": []}}, {"pk": 44, "model": "modernpolitics.worldview", "fields": {"responses": []}}, {"pk": 45, "model": "modernpolitics.worldview", "fields": {"responses": []}}, {"pk": 46, "model": "modernpolitics.worldview", "fields": {"responses": []}}, {"pk": 47, "model": "modernpolitics.worldview", "fields": {"responses": []}}, {"pk": 48, "model": "modernpolitics.worldview", "fields": {"responses": []}}, {"pk": 49, "model": "modernpolitics.worldview", "fields": {"responses": []}}, {"pk": 50, "model": "modernpolitics.worldview", "fields": {"responses": []}}, {"pk": 51, "model": "modernpolitics.worldview", "fields": {"responses": []}}, {"pk": 52, "model": "modernpolitics.worldview", "fields": {"responses": []}}, {"pk": 53, "model": "modernpolitics.worldview", "fields": {"responses": []}}, {"pk": 54, "model": "modernpolitics.worldview", "fields": {"responses": []}}, {"pk": 55, "model": "modernpolitics.worldview", "fields": {"responses": []}}, {"pk": 171482, "model": "modernpolitics.group", "fields": {"subscribable": false, "full_text": "Group of people who Love Gov is following.", "topics": [], "government_type": "traditional", "scorecard": null, "agreement_threshold": 50, "group_content": [], "motion_expiration": 7, "system": true, "num_group_content": 0, "content_by_posting": false, "hidden": true, "group_type": "U", "group_view": 3, "autogen": false, "participation_threshold": 30, "shared_to": [], "members": [], "pinned_content": [], "commenters": [], "group_privacy": "S", "num_members": 0, "is_election": false, "num_followers": 0, "admins": [], "democratic": false}}, {"pk": 171483, "model": "modernpolitics.group", "fields": {"subscribable": false, "full_text": "Group of people who are following Love Gov", "topics": [], "government_type": "traditional", "scorecard": null, "agreement_threshold": 50, "group_content": [], "motion_expiration": 7, "system": true, "num_group_content": 0, "content_by_posting": false, "hidden": true, "group_type": "U", "group_view": 4, "autogen": false, "participation_threshold": 30, "shared_to": [], "members": [], "pinned_content": [], "commenters": [], "group_privacy": "S", "num_members": 0, "is_election": false, "num_followers": 0, "admins": [], "democratic": false}}, {"pk": 171484, "model": "modernpolitics.group", "fields": {"subscribable": true, "full_text": "We are lovegov.", "topics": [], "government_type": "traditional", "scorecard": null, "agreement_threshold": 50, "group_content": [], "motion_expiration": 7, "system": true, "num_group_content": 0, "content_by_posting": true, "hidden": false, "group_type": "O", "group_view": 5, "autogen": false, "participation_threshold": 30, "shared_to": [], "members": [1, 2, 3, 4, 5, 6, 7, 8, 9], "pinned_content": [], "commenters": [], "group_privacy": "O", "num_members": 9, "is_election": false, "num_followers": 9, "admins": [], "democratic": false}}, {"pk": 171485, "model": "modernpolitics.group", "fields": {"subscribable": true, "full_text": "", "topics": [], "government_type": "traditional", "scorecard": null, "agreement_threshold": 50, "group_content": [], "motion_expiration": 7, "system": true, "num_group_content": 0, "content_by_posting": true, "hidden": false, "group_type": "E", "group_view": 6, "autogen": false, "participation_threshold": 30, "shared_to": [], "members": [9], "pinned_content": [], "commenters": [], "group_privacy": "O", "num_members": 1, "is_election": true, "num_followers": 9, "admins": [], "democratic": false}}, {"pk": 171486, "model": "modernpolitics.group", "fields": {"subscribable": true, "full_text": "", "topics": [], "government_type": "traditional", "scorecard": null, "agreement_threshold": 50, "group_content": [], "motion_expiration": 7, "system": false, "num_group_content": 0, "content_by_posting": true, "hidden": false, "group_type": "P", "group_view": 7, "autogen": false, "participation_threshold": 30, "shared_to": [], "members": [], "pinned_content": [], "commenters": [], "group_privacy": "O", "num_members": 0, "is_election": false, "num_followers": 0, "admins": [], "democratic": false}}, {"pk": 171487, "model": "modernpolitics.group", "fields": {"subscribable": true, "full_text": "", "topics": [], "government_type": "traditional", "scorecard": null, "agreement_threshold": 50, "group_content": [], "motion_expiration": 7, "system": false, "num_group_content": 0, "content_by_posting": true, "hidden": false, "group_type": "P", "group_view": 8, "autogen": false, "participation_threshold": 30, "shared_to": [], "members": [], "pinned_content": [], "commenters": [], "group_privacy": "O", "num_members": 0, "is_election": false, "num_followers": 0, "admins": [], "democratic": false}}, {"pk": 171488, "model": "modernpolitics.group", "fields": {"subscribable": true, "full_text": "", "topics": [], "government_type": "traditional", "scorecard": null, "agreement_threshold": 50, "group_content": [], "motion_expiration": 7, "system": false, "num_group_content": 0, "content_by_posting": true, "hidden": false, "group_type": "P", "group_view": 9, "autogen": false, "participation_threshold": 30, "shared_to": [], "members": [], "pinned_content": [], "commenters": [], "group_privacy": "O", "num_members": 0, "is_election": false, "num_followers": 0, "admins": [], "democratic": false}}, {"pk": 171489, "model": "modernpolitics.group", "fields": {"subscribable": true, "full_text": "", "topics": [], "government_type": "traditional", "scorecard": null, "agreement_threshold": 50, "group_content": [], "motion_expiration": 7, "system": false, "num_group_content": 0, "content_by_posting": true, "hidden": false, "group_type": "P", "group_view": 10, "autogen": false, "participation_threshold": 30, "shared_to": [], "members": [], "pinned_content": [], "commenters": [], "group_privacy": "O", "num_members": 0, "is_election": false, "num_followers": 0, "admins": [], "democratic": false}}, {"pk": 171490, "model": "modernpolitics.group", "fields": {"subscribable": true, "full_text": "", "topics": [], "government_type": "traditional", "scorecard": null, "agreement_threshold": 50, "group_content": [], "motion_expiration": 7, "system": false, "num_group_content": 0, "content_by_posting": true, "hidden": false, "group_type": "P", "group_view": 11, "autogen": false, "participation_threshold": 30, "shared_to": [], "members": [], "pinned_content": [], "commenters": [], "group_privacy": "O", "num_members": 0, "is_election": false, "num_followers": 0, "admins": [], "democratic": false}}, {"pk": 171491, "model": "modernpolitics.group", "fields": {"subscribable": true, "full_text": "", "topics": [], "government_type": "traditional", "scorecard": null, "agreement_threshold": 50, "group_content": [], "motion_expiration": 7, "system": false, "num_group_content": 0, "content_by_posting": true, "hidden": false, "group_type": "P", "group_view": 12, "autogen": false, "participation_threshold": 30, "shared_to": [], "members": [], "pinned_content": [], "commenters": [], "group_privacy": "O", "num_members": 0, "is_election": false, "num_followers": 0, "admins": [], "democratic": false}}, {"pk": 171492, "model": "modernpolitics.group", "fields": {"subscribable": true, "full_text": "", "topics": [], "government_type": "traditional", "scorecard": null, "agreement_threshold": 50, "group_content": [], "motion_expiration": 7, "system": false, "num_group_content": 0, "content_by_posting": true, "hidden": false, "group_type": "P", "group_view": 13, "autogen": false, "participation_threshold": 30, "shared_to": [], "members": [], "pinned_content": [], "commenters": [], "group_privacy": "O", "num_members": 0, "is_election": false, "num_followers": 0, "admins": [], "democratic": false}}, {"pk": 171493, "model": "modernpolitics.group", "fields": {"subscribable": true, "full_text": "", "topics": [], "government_type": "traditional", "scorecard": null, "agreement_threshold": 50, "group_content": [], "motion_expiration": 7, "system": false, "num_group_content": 0, "content_by_posting": true, "hidden": false, "group_type": "P", "group_view": 14, "autogen": false, "participation_threshold": 30, "shared_to": [], "members": [], "pinned_content": [], "commenters": [], "group_privacy": "O", "num_members": 0, "is_election": false, "num_followers": 0, "admins": [], "democratic": false}}, {"pk": 171495, "model": "modernpolitics.group", "fields": {"subscribable": false, "full_text": "Group of people who Anonymous  is following.", "topics": [], "government_type": "traditional", "scorecard": null, "agreement_threshold": 50, "group_content": [], "motion_expiration": 7, "system": true, "num_group_content": 0, "content_by_posting": false, "hidden": true, "group_type": "U", "group_view": 17, "autogen": false, "participation_threshold": 30, "shared_to": [], "members": [], "pinned_content": [], "commenters": [], "group_privacy": "S", "num_members": 0, "is_election": false, "num_followers": 0, "admins": [], "democratic": false}}, {"pk": 171496, "model": "modernpolitics.group", "fields": {"subscribable": false, "full_text": "Group of people who are following Anonymous ", "topics": [], "government_type": "traditional", "scorecard": null, "agreement_threshold": 50, "group_content": [], "motion_expiration": 7, "system": true, "num_group_content": 0, "content_by_posting": false, "hidden": true, "group_type": "U", "group_view": 18, "autogen": false, "participation_threshold": 30, "shared_to": [], "members": [], "pinned_content": [], "commenters": [], "group_privacy": "S", "num_members": 0, "is_election": false, "num_followers": 0, "admins": [], "democratic": false}}, {"pk": 171497, "model": "modernpolitics.group", "fields": {"subscribable": false, "full_text": "Group of people who Joshcka Tryba is following.", "topics": [], "government_type": "traditional", "scorecard": null, "agreement_threshold": 50, "group_content": [], "motion_expiration": 7, "system": true, "num_group_content": 0, "content_by_posting": false, "hidden": true, "group_type": "U", "group_view": 21, "autogen": false, "participation_threshold": 30, "shared_to": [], "members": [], "pinned_content": [], "commenters": [], "group_privacy": "S", "num_members": 0, "is_election": false, "num_followers": 0, "admins": [], "democratic": false}}, {"pk": 171498, "model": "modernpolitics.group", "fields": {"subscribable": false, "full_text": "Group of people who are following Joshcka Tryba", "topics": [], "government_type": "traditional", "scorecard": null, "agreement_threshold": 50, "group_content": [], "motion_expiration": 7, "system": true, "num_group_content": 0, "content_by_posting": false, "hidden": true, "group_type": "U", "group_view": 22, "autogen": false, "participation_threshold": 30, "shared_to": [], "members": [], "pinned_content": [], "commenters": [], "group_privacy": "S", "num_members": 0, "is_election": false, "num_followers": 0, "admins": [], "democratic": false}}, {"pk": 171499, "model": "modernpolitics.group", "fields": {"subscribable": false, "full_text": "Group of people who Greg Greg is following.", "topics": [], "government_type": "traditional", "scorecard": null, "agreement_threshold": 50, "group_content": [], "motion_expiration": 7, "system": true, "num_group_content": 0, "content_by_posting": false, "hidden": true, "group_type": "U", "group_view": 25, "autogen": false, "participation_threshold": 30, "shared_to": [], "members": [], "pinned_content": [], "commenters": [], "group_privacy": "S", "num_members": 0, "is_election": false, "num_followers": 0, "admins": [], "democratic": false}}, {"pk": 171500, "model": "modernpolitics.group", "fields": {"subscribable": false, "full_text": "Group of people who are following Greg Greg", "topics": [], "government_type": "traditional", "scorecard": null, "agreement_threshold": 50, "group_content": [], "motion_expiration": 7, "system": true, "num_group_content": 0, "content_by_posting": false, "hidden": true, "group_type": "U", "group_view": 26, "autogen": false, "participation_threshold": 30, "shared_to": [], "members": [], "pinned_content": [], "commenters": [], "group_privacy": "S", "num_members": 0, "is_election": false, "num_followers": 0, "admins": [], "democratic": false}}, {"pk": 171501, "model": "modernpolitics.group", "fields": {"subscribable": false, "full_text": "Group of people who Randy Johnson is following.", "topics": [], "government_type": "traditional", "scorecard": null, "agreement_threshold": 50, "group_content": [], "motion_expiration": 7, "system": true, "num_group_content": 0, "content_by_posting": false, "hidden": true, "group_type": "U", "group_view": 29, "autogen": false, "participation_threshold": 30, "shared_to": [], "members": [], "pinned_content": [], "commenters": [], "group_privacy": "S", "num_members": 0, "is_election": false, "num_followers": 0, "admins": [], "democratic": false}}, {"pk": 171502, "model": "modernpolitics.group", "fields": {"subscribable": false, "full_text": "Group of people who are following Randy Johnson", "topics": [], "government_type": "traditional", "scorecard": null, "agreement_threshold": 50, "group_content": [], "motion_expiration": 7, "system": true, "num_group_content": 0, "content_by_posting": false, "hidden": true, "group_type": "U", "group_view": 30, "autogen": false, "participation_threshold": 30, "shared_to": [], "members": [], "pinned_content": [], "commenters": [], "group_privacy": "S", "num_members": 0, "is_election": false, "num_followers": 0, "admins": [], "democratic": false}}, {"pk": 171503, "model": "modernpolitics.group", "fields": {"subscribable": false, "full_text": "Group of people who Katy Perry is following.", "topics": [], "government_type": "traditional", "scorecard": null, "agreement_threshold": 50, "group_content": [], "motion_expiration": 7, "system": true, "num_group_content": 0, "content_by_posting": false, "hidden": true, "group_type": "U", "group_view": 33, "autogen": false, "participation_threshold": 30, "shared_to": [], "members": [], "pinned_content": [], "commenters": [], "group_privacy": "S", "num_members": 0, "is_election": false, "num_followers": 0, "admins": [], "democratic": false}}, {"pk": 171504, "model": "modernpolitics.group", "fields": {"subscribable": false, "full_text": "Group of people who are following Katy Perry", "topics": [], "government_type": "traditional", "scorecard": null, "agreement_threshold": 50, "group_content": [], "motion_expiration": 7, "system": true, "num_group_content": 0, "content_by_posting": false, "hidden": true, "group_type": "U", "group_view": 34, "autogen": false, "participation_threshold": 30, "shared_to": [], "members": [], "pinned_content": [], "commenters": [], "group_privacy": "S", "num_members": 0, "is_election": false, "num_followers": 0, "admins": [], "democratic": false}}, {"pk": 171505, "model": "modernpolitics.group", "fields": {"subscribable": false, "full_text": "Group of people who Joseph Stalin is following.", "topics": [], "government_type": "traditional", "scorecard": null, "agreement_threshold": 50, "group_content": [], "motion_expiration": 7, "system": true, "num_group_content": 0, "content_by_posting": false, "hidden": true, "group_type": "U", "group_view": 37, "autogen": false, "participation_threshold": 30, "shared_to": [], "members": [], "pinned_content": [], "commenters": [], "group_privacy": "S", "num_members": 0, "is_election": false, "num_followers": 0, "admins": [], "democratic": false}}, {"pk": 171506, "model": "modernpolitics.group", "fields": {"subscribable": false, "full_text": "Group of people who are following Joseph Stalin", "topics": [], "government_type": "traditional", "scorecard": null, "agreement_threshold": 50, "group_content": [], "motion_expiration": 7, "system": true, "num_group_content": 0, "content_by_posting": false, "hidden": true, "group_type": "U", "group_view": 38, "autogen": false, "participation_threshold": 30, "shared_to": [], "members": [], "pinned_content": [], "commenters": [], "group_privacy": "S", "num_members": 0, "is_election": false, "num_followers": 0, "admins": [], "democratic": false}}, {"pk": 171507, "model": "modernpolitics.group", "fields": {"subscribable": false, "full_text": "Group of people who Normal Bob is following.", "topics": [], "government_type": "traditional", "scorecard": null, "agreement_threshold": 50, "group_content": [], "motion_expiration": 7, "system": true, "num_group_content": 0, "content_by_posting": false, "hidden": true, "group_type": "U", "group_view": 41, "autogen": false, "participation_threshold": 30, "shared_to": [], "members": [], "pinned_content": [], "commenters": [], "group_privacy": "S", "num_members": 0, "is_election": false, "num_followers": 0, "admins": [], "democratic": false}}, {"pk": 171508, "model": "modernpolitics.group", "fields": {"subscribable": false, "full_text": "Group of people who are following Normal Bob", "topics": [], "government_type": "traditional", "scorecard": null, "agreement_threshold": 50, "group_content": [], "motion_expiration": 7, "system": true, "num_group_content": 0, "content_by_posting": false, "hidden": true, "group_type": "U", "group_view": 42, "autogen": false, "participation_threshold": 30, "shared_to": [], "members": [], "pinned_content": [], "commenters": [], "group_privacy": "S", "num_members": 0, "is_election": false, "num_followers": 0, "admins": [], "democratic": false}}, {"pk": 171509, "model": "modernpolitics.group", "fields": {"subscribable": false, "full_text": "Group of people who George Bush is following.", "topics": [], "government_type": "traditional", "scorecard": null, "agreement_threshold": 50, "group_content": [], "motion_expiration": 7, "system": true, "num_group_content": 0, "content_by_posting": false, "hidden": true, "group_type": "U", "group_view": 45, "autogen": false, "participation_threshold": 30, "shared_to": [], "members": [], "pinned_content": [], "commenters": [], "group_privacy": "S", "num_members": 0, "is_election": false, "num_followers": 0, "admins": [], "democratic": false}}, {"pk": 171510, "model": "modernpolitics.group", "fields": {"subscribable": false, "full_text": "Group of people who are following George Bush", "topics": [], "government_type": "traditional", "scorecard": null, "agreement_threshold": 50, "group_content": [], "motion_expiration": 7, "system": true, "num_group_content": 0, "content_by_posting": false, "hidden": true, "group_type": "U", "group_view": 46, "autogen": false, "participation_threshold": 30, "shared_to": [], "members": [], "pinned_content": [], "commenters": [], "group_privacy": "S", "num_members": 0, "is_election": false, "num_followers": 0, "admins": [], "democratic": false}}, {"pk": 171517, "model": "modernpolitics.group", "fields": {"subscribable": true, "full_text": "great group", "topics": [11], "government_type": "traditional", "scorecard": null, "agreement_threshold": 50, "group_content": [], "motion_expiration": 7, "system": false, "num_group_content": 0, "content_by_posting": true, "hidden": false, "group_type": "O", "group_view": 47, "autogen": false, "participation_threshold": 30, "shared_to": [], "members": [], "pinned_content": [], "commenters": [], "group_privacy": "O", "num_members": 0, "is_election": false, "num_followers": 0, "admins": [], "democratic": false}}, {"pk": 171518, "model": "modernpolitics.group", "fields": {"subscribable": true, "full_text": "", "topics": [], "government_type": "traditional", "scorecard": 171583, "agreement_threshold": 50, "group_content": [], "motion_expiration": 7, "system": false, "num_group_content": 7, "content_by_posting": true, "hidden": false, "group_type": "U", "group_view": 48, "autogen": false, "participation_threshold": 30, "shared_to": [], "members": [5], "pinned_content": [], "commenters": [], "group_privacy": "O", "num_members": 1, "is_election": false, "num_followers": 1, "admins": [5], "democratic": false}}, {"pk": 171519, "model": "modernpolitics.group", "fields": {"subscribable": true, "full_text": "", "topics": [], "government_type": "traditional", "scorecard": null, "agreement_threshold": 50, "group_content": [], "motion_expiration": 7, "system": false, "num_group_content": 0, "content_by_posting": true, "hidden": false, "group_type": "U", "group_view": 49, "autogen": false, "participation_threshold": 30, "shared_to": [], "members": [], "pinned_content": [], "commenters": [], "group_privacy": "O", "num_members": 0, "is_election": false, "num_followers": 0, "admins": [], "democratic": false}}, {"pk": 171520, "model": "modernpolitics.group", "fields": {"subscribable": true, "full_text": "", "topics": [], "government_type": "traditional", "scorecard": null, "agreement_threshold": 50, "group_content": [], "motion_expiration": 7, "system": false, "num_group_content": 0, "content_by_posting": true, "hidden": false, "group_type": "U", "group_view": 50, "autogen": false, "participation_threshold": 30, "shared_to": [], "members": [], "pinned_content": [], "commenters": [], "group_privacy": "O", "num_members": 0, "is_election": false, "num_followers": 0, "admins": [], "democratic": false}}, {"pk": 171521, "model": "modernpolitics.group", "fields": {"subscribable": true, "full_text": "", "topics": [], "government_type": "traditional", "scorecard": null, "agreement_threshold": 50, "group_content": [], "motion_expiration": 7, "system": false, "num_group_content": 0, "content_by_posting": true, "hidden": false, "group_type": "U", "group_view": 51, "autogen": false, "participation_threshold": 30, "shared_to": [], "members": [], "pinned_content": [], "commenters": [], "group_privacy": "O", "num_members": 0, "is_election": false, "num_followers": 0, "admins": [], "democratic": false}}, {"pk": 171584, "model": "modernpolitics.group", "fields": {"subscribable": true, "full_text": "", "topics": [], "government_type": "traditional", "scorecard": null, "agreement_threshold": 50, "group_content": [], "motion_expiration": 7, "system": true, "num_group_content": 0, "content_by_posting": true, "hidden": false, "group_type": "E", "group_view": 53, "autogen": false, "participation_threshold": 30, "shared_to": [], "members": [], "pinned_content": [], "commenters": [], "group_privacy": "O", "num_members": 0, "is_election": true, "num_followers": 0, "admins": [], "democratic": false}}, {"pk": 171585, "model": "modernpolitics.group", "fields": {"subscribable": true, "full_text": "", "topics": [], "government_type": "traditional", "scorecard": null, "agreement_threshold": 50, "group_content": [], "motion_expiration": 7, "system": false, "num_group_content": 0, "content_by_posting": true, "hidden": false, "group_type": "E", "group_view": 54, "autogen": false, "participation_threshold": 30, "shared_to": [], "members": [], "pinned_content": [], "commenters": [], "group_privacy": "O", "num_members": 0, "is_election": true, "num_followers": 0, "admins": [], "democratic": false}}, {"pk": 171586, "model": "modernpolitics.group", "fields": {"subscribable": true, "full_text": "", "topics": [], "government_type": "traditional", "scorecard": null, "agreement_threshold": 50, "group_content": [], "motion_expiration": 7, "system": false, "num_group_content": 0, "content_by_posting": true, "hidden": false, "group_type": "E", "group_view": 55, "autogen": false, "participation_threshold": 30, "shared_to": [], "members": [], "pinned_content": [], "commenters": [], "group_privacy": "O", "num_members": 0, "is_election": true, "num_followers": 0, "admins": [], "democratic": false}}, {"pk": 171486, "model": "modernpolitics.party", "fields": {"group_content": [], "party_type": "A", "topics": [], "shared_to": [], "admins": [], "members": [], "party_label": "defaults/151023.png", "pinned_content": [], "commenters": []}}, {"pk": 171487, "model": "modernpolitics.party", "fields": {"group_content": [], "party_type": "D", "topics": [], "shared_to": [], "admins": [], "members": [], "party_label": "defaults/404869.png", "pinned_content": [], "commenters": []}}, {"pk": 171488, "model": "modernpolitics.party", "fields": {"group_content": [], "party_type": "G", "topics": [], "shared_to": [], "admins": [], "members": [], "party_label": "defaults/682900.png", "pinned_content": [], "commenters": []}}, {"pk": 171489, "model": "modernpolitics.party", "fields": {"group_content": [], "party_type": "R", "topics": [], "shared_to": [], "admins": [], "members": [], "party_label": "defaults/244540.png", "pinned_content": [], "commenters": []}}, {"pk": 171490, "model": "modernpolitics.party", "fields": {"group_content": [], "party_type": "L", "topics": [], "shared_to": [], "admins": [], "members": [], "party_label": "defaults/425289.png", "pinned_content": [], "commenters": []}}, {"pk": 171491, "model": "modernpolitics.party", "fields": {"group_content": [], "party_type": "P", "topics": [], "shared_to": [], "admins": [], "members": [], "party_label": "defaults/688771.png", "pinned_content": [], "commenters": []}}, {"pk": 171492, "model": "modernpolitics.party", "fields": {"group_content": [], "party_type": "I", "topics": [], "shared_to": [], "admins": [], "members": [], "party_label": "defaults/748476.png", "pinned_content": [], "commenters": []}}, {"pk": 171493, "model": "modernpolitics.party", "fields": {"group_content": [], "party_type": "T", "topics": [], "shared_to": [], "admins": [], "members": [], "party_label": "defaults/675074.png", "pinned_content": [], "commenters": []}}, {"pk": 171518, "model": "modernpolitics.usergroup", "fields": {"group_content": [], "topics": [], "shared_to": [], "admins": [5], "members": [5], "pinned_content": [], "commenters": []}}, {"pk": 171519, "model": "modernpolitics.usergroup", "fields": {"group_content": [], "topics": [], "shared_to": [], "admins": [], "members": [], "pinned_content": [], "commenters": []}}, {"pk": 171520, "model": "modernpolitics.usergroup", "fields": {"group_content": [], "topics": [], "shared_to": [], "admins": [], "members": [], "pinned_content": [], "commenters": []}}, {"pk": 171521, "model": "modernpolitics.usergroup", "fields": {"group_content": [], "topics": [], "shared_to": [], "admins": [], "members": [], "pinned_content": [], "commenters": []}}, {"pk": 171485, "model": "modernpolitics.election", "fields": {"office": null, "end_date": "2012-09-01T11:24:50.628", "election_date": "2012-11-06T00:00:00", "topics": [], "winner": null, "shared_to": [], "group_content": [], "admins": [], "members": [9], "start_date": "2012-09-01T11:24:50.628", "pinned_content": [], "commenters": []}}, {"pk": 171584, "model": "modernpolitics.election", "fields": {"office": null, "end_date": "2012-09-01T11:25:39.899", "election_date": "2012-11-06T00:00:00", "topics": [], "winner": null, "shared_to": [], "group_content": [], "admins": [], "members": [], "start_date": "2012-09-01T11:25:39.899", "pinned_content": [], "commenters": []}}, {"pk": 171585, "model": "modernpolitics.election", "fields": {"office": null, "end_date": "2012-09-01T11:25:40.305", "election_date": "2012-09-20T00:00:00", "topics": [], "winner": null, "shared_to": [], "group_content": [], "admins": [], "members": [], "start_date": "2012-09-01T11:25:40.305", "pinned_content": [], "commenters": []}}, {"pk": 171586, "model": "modernpolitics.election", "fields": {"office": null, "end_date": "2012-09-01T11:25:40.643", "election_date": "2012-09-20T00:00:00", "topics": [], "winner": null, "shared_to": [], "group_content": [], "admins": [], "members": [], "start_date": "2012-09-01T11:25:40.643", "pinned_content": [], "commenters": []}}, {"pk": 1, "model": "modernpolitics.pageaccess", "fields": {"type": "GET", "when": "2012-09-01T11:25:07.095", "duration": null, "exit": false, "user": 2, "action": null, "login": true, "ipaddress": "127.0.0.1", "page": "/woop/", "left": null}}, {"pk": 2, "model": "modernpolitics.pageaccess", "fields": {"type": "GET", "when": "2012-09-01T11:25:07.298", "duration": null, "exit": false, "user": 2, "action": null, "login": true, "ipaddress": "127.0.0.1", "page": "/republican_party/", "left": null}}, {"pk": 1, "model": "modernpolitics.script", "fields": {"when": "2012-09-01T11:24:48.962", "command": "/Users/maxfowler/Desktop/cs/lg/lovegov/scripts/scheduled.py initialize testdata ", "user": "maxfowler"}}, {"pk": 1, "model": "modernpolitics.validemail", "fields": {"date_added": "2012-09-01T11:25:40.812", "email": "max_fowler@brown.edu", "description": "max's email"}}, {"pk": 1, "model": "modernpolitics.validemailextension", "fields": {"date_added": "2012-09-01T11:25:40.809", "extension": "brown.edu"}}, {"pk": 1, "model": "modernpolitics.relationship", "fields": {"creator": 1, "privacy": "PRI", "user": 1, "invite_email": null, "created_when": "2012-09-01T11:24:49.323", "relationship_type": "VO"}}, {"pk": 2, "model": "modernpolitics.relationship", "fields": {"creator": 1, "privacy": "PRI", "user": 1, "invite_email": null, "created_when": "2012-09-01T11:24:49.552", "relationship_type": "VO"}}, {"pk": 3, "model": "modernpolitics.relationship", "fields": {"creator": 1, "privacy": "PRI", "user": 1, "invite_email": null, "created_when": "2012-09-01T11:24:49.940", "relationship_type": "VO"}}, {"pk": 4, "model": "modernpolitics.relationship", "fields": {"creator": 1, "privacy": "PUB", "user": 1, "invite_email": null, "created_when": "2012-09-01T11:24:50.231", "relationship_type": "JO"}}, {"pk": 5, "model": "modernpolitics.relationship", "fields": {"creator": 1, "privacy": "PRI", "user": 1, "invite_email": null, "created_when": "2012-09-01T11:24:50.872", "relationship_type": "VO"}}, {"pk": 6, "model": "modernpolitics.relationship", "fields": {"creator": 1, "privacy": "PRI", "user": 1, "invite_email": null, "created_when": "2012-09-01T11:24:51.439", "relationship_type": "VO"}}, {"pk": 7, "model": "modernpolitics.relationship", "fields": {"creator": 1, "privacy": "PRI", "user": 1, "invite_email": null, "created_when": "2012-09-01T11:24:53.245", "relationship_type": "VO"}}, {"pk": 8, "model": "modernpolitics.relationship", "fields": {"creator": 1, "privacy": "PRI", "user": 1, "invite_email": null, "created_when": "2012-09-01T11:24:53.492", "relationship_type": "VO"}}, {"pk": 9, "model": "modernpolitics.relationship", "fields": {"creator": 1, "privacy": "PRI", "user": 1, "invite_email": null, "created_when": "2012-09-01T11:24:54.385", "relationship_type": "VO"}}, {"pk": 10, "model": "modernpolitics.relationship", "fields": {"creator": 1, "privacy": "PRI", "user": 1, "invite_email": null, "created_when": "2012-09-01T11:24:55.666", "relationship_type": "VO"}}, {"pk": 11, "model": "modernpolitics.relationship", "fields": {"creator": 1, "privacy": "PRI", "user": 1, "invite_email": null, "created_when": "2012-09-01T11:24:55.824", "relationship_type": "VO"}}, {"pk": 12, "model": "modernpolitics.relationship", "fields": {"creator": 1, "privacy": "PRI", "user": 1, "invite_email": null, "created_when": "2012-09-01T11:24:56.375", "relationship_type": "VO"}}, {"pk": 13, "model": "modernpolitics.relationship", "fields": {"creator": 1, "privacy": "PRI", "user": 1, "invite_email": null, "created_when": "2012-09-01T11:24:57.323", "relationship_type": "VO"}}, {"pk": 14, "model": "modernpolitics.relationship", "fields": {"creator": 1, "privacy": "PRI", "user": 1, "invite_email": null, "created_when": "2012-09-01T11:24:58.188", "relationship_type": "VO"}}, {"pk": 15, "model": "modernpolitics.relationship", "fields": {"creator": 1, "privacy": "PRI", "user": 1, "invite_email": null, "created_when": "2012-09-01T11:24:58.467", "relationship_type": "VO"}}, {"pk": 16, "model": "modernpolitics.relationship", "fields": {"creator": 1, "privacy": "PRI", "user": 1, "invite_email": null, "created_when": "2012-09-01T11:25:02.391", "relationship_type": "VO"}}, {"pk": 17, "model": "modernpolitics.relationship", "fields": {"creator": 1, "privacy": "PRI", "user": 1, "invite_email": null, "created_when": "2012-09-01T11:25:03.545", "relationship_type": "VO"}}, {"pk": 18, "model": "modernpolitics.relationship", "fields": {"creator": 2, "privacy": "PUB", "user": 2, "invite_email": null, "created_when": "2012-09-01T11:25:03.859", "relationship_type": "JO"}}, {"pk": 19, "model": "modernpolitics.relationship", "fields": {"creator": 1, "privacy": "PRI", "user": 1, "invite_email": null, "created_when": "2012-09-01T11:25:04.094", "relationship_type": "VO"}}, {"pk": 20, "model": "modernpolitics.relationship", "fields": {"creator": 1, "privacy": "PRI", "user": 1, "invite_email": null, "created_when": "2012-09-01T11:25:04.400", "relationship_type": "VO"}}, {"pk": 21, "model": "modernpolitics.relationship", "fields": {"creator": 3, "privacy": "PUB", "user": 3, "invite_email": null, "created_when": "2012-09-01T11:25:04.536", "relationship_type": "JO"}}, {"pk": 22, "model": "modernpolitics.relationship", "fields": {"creator": 1, "privacy": "PRI", "user": 1, "invite_email": null, "created_when": "2012-09-01T11:25:05.267", "relationship_type": "VO"}}, {"pk": 23, "model": "modernpolitics.relationship", "fields": {"creator": 1, "privacy": "PRI", "user": 1, "invite_email": null, "created_when": "2012-09-01T11:25:06.035", "relationship_type": "VO"}}, {"pk": 24, "model": "modernpolitics.relationship", "fields": {"creator": 4, "privacy": "PUB", "user": 4, "invite_email": null, "created_when": "2012-09-01T11:25:06.157", "relationship_type": "JO"}}, {"pk": 25, "model": "modernpolitics.relationship", "fields": {"creator": 1, "privacy": "PRI", "user": 1, "invite_email": null, "created_when": "2012-09-01T11:25:06.562", "relationship_type": "VO"}}, {"pk": 26, "model": "modernpolitics.relationship", "fields": {"creator": 1, "privacy": "PRI", "user": 1, "invite_email": null, "created_when": "2012-09-01T11:25:06.678", "relationship_type": "VO"}}, {"pk": 27, "model": "modernpolitics.relationship", "fields": {"creator": 5, "privacy": "PUB", "user": 5, "invite_email": null, "created_when": "2012-09-01T11:25:06.777", "relationship_type": "JO"}}, {"pk": 28, "model": "modernpolitics.relationship", "fields": {"creator": 1, "privacy": "PRI", "user": 1, "invite_email": null, "created_when": "2012-09-01T11:25:07.257", "relationship_type": "VO"}}, {"pk": 29, "model": "modernpolitics.relationship", "fields": {"creator": 1, "privacy": "PRI", "user": 1, "invite_email": null, "created_when": "2012-09-01T11:25:07.499", "relationship_type": "VO"}}, {"pk": 30, "model": "modernpolitics.relationship", "fields": {"creator": 6, "privacy": "PUB", "user": 6, "invite_email": null, "created_when": "2012-09-01T11:25:07.570", "relationship_type": "JO"}}, {"pk": 31, "model": "modernpolitics.relationship", "fields": {"creator": 1, "privacy": "PRI", "user": 1, "invite_email": null, "created_when": "2012-09-01T11:25:07.908", "relationship_type": "VO"}}, {"pk": 32, "model": "modernpolitics.relationship", "fields": {"creator": 1, "privacy": "PRI", "user": 1, "invite_email": null, "created_when": "2012-09-01T11:25:08.009", "relationship_type": "VO"}}, {"pk": 33, "model": "modernpolitics.relationship", "fields": {"creator": 7, "privacy": "PUB", "user": 7, "invite_email": null, "created_when": "2012-09-01T11:25:08.111", "relationship_type": "JO"}}, {"pk": 34, "model": "modernpolitics.relationship", "fields": {"creator": 1, "privacy": "PRI", "user": 1, "invite_email": null, "created_when": "2012-09-01T11:25:08.661", "relationship_type": "VO"}}, {"pk": 35, "model": "modernpolitics.relationship", "fields": {"creator": 1, "privacy": "PRI", "user": 1, "invite_email": null, "created_when": "2012-09-01T11:25:08.823", "relationship_type": "VO"}}, {"pk": 36, "model": "modernpolitics.relationship", "fields": {"creator": 8, "privacy": "PUB", "user": 8, "invite_email": null, "created_when": "2012-09-01T11:25:08.967", "relationship_type": "JO"}}, {"pk": 37, "model": "modernpolitics.relationship", "fields": {"creator": 1, "privacy": "PRI", "user": 1, "invite_email": null, "created_when": "2012-09-01T11:25:09.701", "relationship_type": "VO"}}, {"pk": 38, "model": "modernpolitics.relationship", "fields": {"creator": 1, "privacy": "PRI", "user": 1, "invite_email": null, "created_when": "2012-09-01T11:25:09.831", "relationship_type": "VO"}}, {"pk": 39, "model": "modernpolitics.relationship", "fields": {"creator": 9, "privacy": "PUB", "user": 9, "invite_email": null, "created_when": "2012-09-01T11:25:09.885", "relationship_type": "JO"}}, {"pk": 40, "model": "modernpolitics.relationship", "fields": {"creator": 5, "privacy": "PRI", "user": 5, "invite_email": null, "created_when": "2012-09-01T11:25:10.260", "relationship_type": "VO"}}, {"pk": 41, "model": "modernpolitics.relationship", "fields": {"creator": 5, "privacy": "PRI", "user": 5, "invite_email": null, "created_when": "2012-09-01T11:25:10.421", "relationship_type": "VO"}}, {"pk": 42, "model": "modernpolitics.relationship", "fields": {"creator": 5, "privacy": "PRI", "user": 5, "invite_email": null, "created_when": "2012-09-01T11:25:10.572", "relationship_type": "VO"}}, {"pk": 43, "model": "modernpolitics.relationship", "fields": {"creator": 5, "privacy": "PRI", "user": 5, "invite_email": null, "created_when": "2012-09-01T11:25:10.804", "relationship_type": "VO"}}, {"pk": 44, "model": "modernpolitics.relationship", "fields": {"creator": 1, "privacy": "PRI", "user": 1, "invite_email": null, "created_when": "2012-09-01T11:25:11.157", "relationship_type": "VO"}}, {"pk": 45, "model": "modernpolitics.relationship", "fields": {"creator": 1, "privacy": "PRI", "user": 1, "invite_email": null, "created_when": "2012-09-01T11:25:11.381", "relationship_type": "VO"}}, {"pk": 46, "model": "modernpolitics.relationship", "fields": {"creator": 5, "privacy": "PUB", "user": 5, "invite_email": null, "created_when": "2012-09-01T11:25:11.515", "relationship_type": "JO"}}, {"pk": 47, "model": "modernpolitics.relationship", "fields": {"creator": 1, "privacy": "PRI", "user": 1, "invite_email": null, "created_when": "2012-09-01T11:25:11.882", "relationship_type": "VO"}}, {"pk": 48, "model": "modernpolitics.relationship", "fields": {"creator": 1, "privacy": "PRI", "user": 1, "invite_email": null, "created_when": "2012-09-01T11:25:12.116", "relationship_type": "VO"}}, {"pk": 49, "model": "modernpolitics.relationship", "fields": {"creator": 1, "privacy": "PRI", "user": 1, "invite_email": null, "created_when": "2012-09-01T11:25:12.326", "relationship_type": "VO"}}, {"pk": 50, "model": "modernpolitics.relationship", "fields": {"creator": 6, "privacy": "PRI", "user": 6, "invite_email": null, "created_when": "2012-09-01T11:25:12.547", "relationship_type": "VO"}}, {"pk": 51, "model": "modernpolitics.relationship", "fields": {"creator": 6, "privacy": "PRI", "user": 6, "invite_email": null, "created_when": "2012-09-01T11:25:12.768", "relationship_type": "VO"}}, {"pk": 52, "model": "modernpolitics.relationship", "fields": {"creator": 6, "privacy": "PRI", "user": 6, "invite_email": null, "created_when": "2012-09-01T11:25:13.021", "relationship_type": "VO"}}, {"pk": 53, "model": "modernpolitics.relationship", "fields": {"creator": 6, "privacy": "PRI", "user": 6, "invite_email": null, "created_when": "2012-09-01T11:25:13.233", "relationship_type": "VO"}}, {"pk": 54, "model": "modernpolitics.relationship", "fields": {"creator": 6, "privacy": "PRI", "user": 6, "invite_email": null, "created_when": "2012-09-01T11:25:13.524", "relationship_type": "VO"}}, {"pk": 55, "model": "modernpolitics.relationship", "fields": {"creator": 6, "privacy": "PRI", "user": 6, "invite_email": null, "created_when": "2012-09-01T11:25:13.700", "relationship_type": "VO"}}, {"pk": 56, "model": "modernpolitics.relationship", "fields": {"creator": 6, "privacy": "PRI", "user": 6, "invite_email": null, "created_when": "2012-09-01T11:25:13.860", "relationship_type": "VO"}}, {"pk": 57, "model": "modernpolitics.relationship", "fields": {"creator": 6, "privacy": "PRI", "user": 6, "invite_email": null, "created_when": "2012-09-01T11:25:14.088", "relationship_type": "VO"}}, {"pk": 58, "model": "modernpolitics.relationship", "fields": {"creator": 6, "privacy": "PRI", "user": 6, "invite_email": null, "created_when": "2012-09-01T11:25:14.268", "relationship_type": "VO"}}, {"pk": 59, "model": "modernpolitics.relationship", "fields": {"creator": 6, "privacy": "PRI", "user": 6, "invite_email": null, "created_when": "2012-09-01T11:25:14.433", "relationship_type": "VO"}}, {"pk": 60, "model": "modernpolitics.relationship", "fields": {"creator": 6, "privacy": "PRI", "user": 6, "invite_email": null, "created_when": "2012-09-01T11:25:14.620", "relationship_type": "VO"}}, {"pk": 61, "model": "modernpolitics.relationship", "fields": {"creator": 6, "privacy": "PRI", "user": 6, "invite_email": null, "created_when": "2012-09-01T11:25:14.890", "relationship_type": "VO"}}, {"pk": 62, "model": "modernpolitics.relationship", "fields": {"creator": 6, "privacy": "PRI", "user": 6, "invite_email": null, "created_when": "2012-09-01T11:25:15.198", "relationship_type": "VO"}}, {"pk": 63, "model": "modernpolitics.relationship", "fields": {"creator": 6, "privacy": "PRI", "user": 6, "invite_email": null, "created_when": "2012-09-01T11:25:16.347", "relationship_type": "VO"}}, {"pk": 64, "model": "modernpolitics.relationship", "fields": {"creator": 6, "privacy": "PRI", "user": 6, "invite_email": null, "created_when": "2012-09-01T11:25:16.570", "relationship_type": "VO"}}, {"pk": 65, "model": "modernpolitics.relationship", "fields": {"creator": 6, "privacy": "PRI", "user": 6, "invite_email": null, "created_when": "2012-09-01T11:25:16.695", "relationship_type": "VO"}}, {"pk": 66, "model": "modernpolitics.relationship", "fields": {"creator": 6, "privacy": "PRI", "user": 6, "invite_email": null, "created_when": "2012-09-01T11:25:16.925", "relationship_type": "VO"}}, {"pk": 67, "model": "modernpolitics.relationship", "fields": {"creator": 6, "privacy": "PRI", "user": 6, "invite_email": null, "created_when": "2012-09-01T11:25:17.063", "relationship_type": "VO"}}, {"pk": 68, "model": "modernpolitics.relationship", "fields": {"creator": 6, "privacy": "PRI", "user": 6, "invite_email": null, "created_when": "2012-09-01T11:25:17.266", "relationship_type": "VO"}}, {"pk": 69, "model": "modernpolitics.relationship", "fields": {"creator": 6, "privacy": "PRI", "user": 6, "invite_email": null, "created_when": "2012-09-01T11:25:17.399", "relationship_type": "VO"}}, {"pk": 70, "model": "modernpolitics.relationship", "fields": {"creator": 6, "privacy": "PRI", "user": 6, "invite_email": null, "created_when": "2012-09-01T11:25:17.566", "relationship_type": "VO"}}, {"pk": 71, "model": "modernpolitics.relationship", "fields": {"creator": 6, "privacy": "PRI", "user": 6, "invite_email": null, "created_when": "2012-09-01T11:25:17.765", "relationship_type": "VO"}}, {"pk": 72, "model": "modernpolitics.relationship", "fields": {"creator": 6, "privacy": "PRI", "user": 6, "invite_email": null, "created_when": "2012-09-01T11:25:17.977", "relationship_type": "VO"}}, {"pk": 73, "model": "modernpolitics.relationship", "fields": {"creator": 6, "privacy": "PRI", "user": 6, "invite_email": null, "created_when": "2012-09-01T11:25:18.164", "relationship_type": "VO"}}, {"pk": 74, "model": "modernpolitics.relationship", "fields": {"creator": 6, "privacy": "PRI", "user": 6, "invite_email": null, "created_when": "2012-09-01T11:25:18.371", "relationship_type": "VO"}}, {"pk": 75, "model": "modernpolitics.relationship", "fields": {"creator": 6, "privacy": "PRI", "user": 6, "invite_email": null, "created_when": "2012-09-01T11:25:18.520", "relationship_type": "VO"}}, {"pk": 76, "model": "modernpolitics.relationship", "fields": {"creator": 6, "privacy": "PRI", "user": 6, "invite_email": null, "created_when": "2012-09-01T11:25:18.713", "relationship_type": "VO"}}, {"pk": 77, "model": "modernpolitics.relationship", "fields": {"creator": 6, "privacy": "PRI", "user": 6, "invite_email": null, "created_when": "2012-09-01T11:25:18.886", "relationship_type": "VO"}}, {"pk": 78, "model": "modernpolitics.relationship", "fields": {"creator": 6, "privacy": "PRI", "user": 6, "invite_email": null, "created_when": "2012-09-01T11:25:19.110", "relationship_type": "VO"}}, {"pk": 79, "model": "modernpolitics.relationship", "fields": {"creator": 6, "privacy": "PRI", "user": 6, "invite_email": null, "created_when": "2012-09-01T11:25:19.321", "relationship_type": "VO"}}, {"pk": 80, "model": "modernpolitics.relationship", "fields": {"creator": 6, "privacy": "PRI", "user": 6, "invite_email": null, "created_when": "2012-09-01T11:25:19.499", "relationship_type": "VO"}}, {"pk": 81, "model": "modernpolitics.relationship", "fields": {"creator": 6, "privacy": "PRI", "user": 6, "invite_email": null, "created_when": "2012-09-01T11:25:19.677", "relationship_type": "VO"}}, {"pk": 82, "model": "modernpolitics.relationship", "fields": {"creator": 6, "privacy": "PRI", "user": 6, "invite_email": null, "created_when": "2012-09-01T11:25:19.821", "relationship_type": "VO"}}, {"pk": 83, "model": "modernpolitics.relationship", "fields": {"creator": 6, "privacy": "PRI", "user": 6, "invite_email": null, "created_when": "2012-09-01T11:25:20.021", "relationship_type": "VO"}}, {"pk": 84, "model": "modernpolitics.relationship", "fields": {"creator": 6, "privacy": "PRI", "user": 6, "invite_email": null, "created_when": "2012-09-01T11:25:20.166", "relationship_type": "VO"}}, {"pk": 85, "model": "modernpolitics.relationship", "fields": {"creator": 6, "privacy": "PRI", "user": 6, "invite_email": null, "created_when": "2012-09-01T11:25:20.397", "relationship_type": "VO"}}, {"pk": 86, "model": "modernpolitics.relationship", "fields": {"creator": 6, "privacy": "PRI", "user": 6, "invite_email": null, "created_when": "2012-09-01T11:25:20.671", "relationship_type": "VO"}}, {"pk": 87, "model": "modernpolitics.relationship", "fields": {"creator": 6, "privacy": "PRI", "user": 6, "invite_email": null, "created_when": "2012-09-01T11:25:20.821", "relationship_type": "VO"}}, {"pk": 88, "model": "modernpolitics.relationship", "fields": {"creator": 6, "privacy": "PRI", "user": 6, "invite_email": null, "created_when": "2012-09-01T11:25:21.112", "relationship_type": "VO"}}, {"pk": 89, "model": "modernpolitics.relationship", "fields": {"creator": 6, "privacy": "PRI", "user": 6, "invite_email": null, "created_when": "2012-09-01T11:25:21.431", "relationship_type": "VO"}}, {"pk": 90, "model": "modernpolitics.relationship", "fields": {"creator": 6, "privacy": "PRI", "user": 6, "invite_email": null, "created_when": "2012-09-01T11:25:21.690", "relationship_type": "VO"}}, {"pk": 91, "model": "modernpolitics.relationship", "fields": {"creator": 6, "privacy": "PRI", "user": 6, "invite_email": null, "created_when": "2012-09-01T11:25:21.886", "relationship_type": "VO"}}, {"pk": 92, "model": "modernpolitics.relationship", "fields": {"creator": 6, "privacy": "PRI", "user": 6, "invite_email": null, "created_when": "2012-09-01T11:25:22.165", "relationship_type": "VO"}}, {"pk": 93, "model": "modernpolitics.relationship", "fields": {"creator": 6, "privacy": "PRI", "user": 6, "invite_email": null, "created_when": "2012-09-01T11:25:22.356", "relationship_type": "VO"}}, {"pk": 94, "model": "modernpolitics.relationship", "fields": {"creator": 6, "privacy": "PRI", "user": 6, "invite_email": null, "created_when": "2012-09-01T11:25:22.543", "relationship_type": "VO"}}, {"pk": 95, "model": "modernpolitics.relationship", "fields": {"creator": 6, "privacy": "PRI", "user": 6, "invite_email": null, "created_when": "2012-09-01T11:25:22.710", "relationship_type": "VO"}}, {"pk": 96, "model": "modernpolitics.relationship", "fields": {"creator": 6, "privacy": "PRI", "user": 6, "invite_email": null, "created_when": "2012-09-01T11:25:22.902", "relationship_type": "VO"}}, {"pk": 97, "model": "modernpolitics.relationship", "fields": {"creator": 6, "privacy": "PRI", "user": 6, "invite_email": null, "created_when": "2012-09-01T11:25:23.099", "relationship_type": "VO"}}, {"pk": 98, "model": "modernpolitics.relationship", "fields": {"creator": 6, "privacy": "PRI", "user": 6, "invite_email": null, "created_when": "2012-09-01T11:25:23.366", "relationship_type": "VO"}}, {"pk": 99, "model": "modernpolitics.relationship", "fields": {"creator": 6, "privacy": "PRI", "user": 6, "invite_email": null, "created_when": "2012-09-01T11:25:23.588", "relationship_type": "VO"}}, {"pk": 100, "model": "modernpolitics.relationship", "fields": {"creator": 6, "privacy": "PRI", "user": 6, "invite_email": null, "created_when": "2012-09-01T11:25:23.783", "relationship_type": "VO"}}, {"pk": 101, "model": "modernpolitics.relationship", "fields": {"creator": 6, "privacy": "PRI", "user": 6, "invite_email": null, "created_when": "2012-09-01T11:25:24.110", "relationship_type": "VO"}}, {"pk": 102, "model": "modernpolitics.relationship", "fields": {"creator": 6, "privacy": "PRI", "user": 6, "invite_email": null, "created_when": "2012-09-01T11:25:24.323", "relationship_type": "VO"}}, {"pk": 103, "model": "modernpolitics.relationship", "fields": {"creator": 6, "privacy": "PRI", "user": 6, "invite_email": null, "created_when": "2012-09-01T11:25:24.577", "relationship_type": "VO"}}, {"pk": 104, "model": "modernpolitics.relationship", "fields": {"creator": 6, "privacy": "PRI", "user": 6, "invite_email": null, "created_when": "2012-09-01T11:25:24.755", "relationship_type": "VO"}}, {"pk": 105, "model": "modernpolitics.relationship", "fields": {"creator": 6, "privacy": "PRI", "user": 6, "invite_email": null, "created_when": "2012-09-01T11:25:24.988", "relationship_type": "VO"}}, {"pk": 106, "model": "modernpolitics.relationship", "fields": {"creator": 6, "privacy": "PRI", "user": 6, "invite_email": null, "created_when": "2012-09-01T11:25:25.143", "relationship_type": "VO"}}, {"pk": 107, "model": "modernpolitics.relationship", "fields": {"creator": 6, "privacy": "PRI", "user": 6, "invite_email": null, "created_when": "2012-09-01T11:25:25.342", "relationship_type": "VO"}}, {"pk": 108, "model": "modernpolitics.relationship", "fields": {"creator": 6, "privacy": "PRI", "user": 6, "invite_email": null, "created_when": "2012-09-01T11:25:25.701", "relationship_type": "VO"}}, {"pk": 109, "model": "modernpolitics.relationship", "fields": {"creator": 6, "privacy": "PRI", "user": 6, "invite_email": null, "created_when": "2012-09-01T11:25:25.910", "relationship_type": "VO"}}, {"pk": 110, "model": "modernpolitics.relationship", "fields": {"creator": 6, "privacy": "PRI", "user": 6, "invite_email": null, "created_when": "2012-09-01T11:25:26.183", "relationship_type": "VO"}}, {"pk": 111, "model": "modernpolitics.relationship", "fields": {"creator": 6, "privacy": "PRI", "user": 6, "invite_email": null, "created_when": "2012-09-01T11:25:26.376", "relationship_type": "VO"}}, {"pk": 112, "model": "modernpolitics.relationship", "fields": {"creator": 6, "privacy": "PRI", "user": 6, "invite_email": null, "created_when": "2012-09-01T11:25:26.576", "relationship_type": "VO"}}, {"pk": 113, "model": "modernpolitics.relationship", "fields": {"creator": 6, "privacy": "PRI", "user": 6, "invite_email": null, "created_when": "2012-09-01T11:25:26.821", "relationship_type": "VO"}}, {"pk": 114, "model": "modernpolitics.relationship", "fields": {"creator": 6, "privacy": "PRI", "user": 6, "invite_email": null, "created_when": "2012-09-01T11:25:26.981", "relationship_type": "VO"}}, {"pk": 115, "model": "modernpolitics.relationship", "fields": {"creator": 6, "privacy": "PRI", "user": 6, "invite_email": null, "created_when": "2012-09-01T11:25:27.152", "relationship_type": "VO"}}, {"pk": 116, "model": "modernpolitics.relationship", "fields": {"creator": 6, "privacy": "PRI", "user": 6, "invite_email": null, "created_when": "2012-09-01T11:25:27.398", "relationship_type": "VO"}}, {"pk": 117, "model": "modernpolitics.relationship", "fields": {"creator": 6, "privacy": "PRI", "user": 6, "invite_email": null, "created_when": "2012-09-01T11:25:27.576", "relationship_type": "VO"}}, {"pk": 118, "model": "modernpolitics.relationship", "fields": {"creator": 6, "privacy": "PRI", "user": 6, "invite_email": null, "created_when": "2012-09-01T11:25:27.714", "relationship_type": "VO"}}, {"pk": 119, "model": "modernpolitics.relationship", "fields": {"creator": 6, "privacy": "PRI", "user": 6, "invite_email": null, "created_when": "2012-09-01T11:25:27.923", "relationship_type": "VO"}}, {"pk": 120, "model": "modernpolitics.relationship", "fields": {"creator": 6, "privacy": "PRI", "user": 6, "invite_email": null, "created_when": "2012-09-01T11:25:28.132", "relationship_type": "VO"}}, {"pk": 121, "model": "modernpolitics.relationship", "fields": {"creator": 6, "privacy": "PRI", "user": 6, "invite_email": null, "created_when": "2012-09-01T11:25:28.397", "relationship_type": "VO"}}, {"pk": 122, "model": "modernpolitics.relationship", "fields": {"creator": 6, "privacy": "PRI", "user": 6, "invite_email": null, "created_when": "2012-09-01T11:25:28.648", "relationship_type": "VO"}}, {"pk": 123, "model": "modernpolitics.relationship", "fields": {"creator": 6, "privacy": "PRI", "user": 6, "invite_email": null, "created_when": "2012-09-01T11:25:28.799", "relationship_type": "VO"}}, {"pk": 124, "model": "modernpolitics.relationship", "fields": {"creator": 6, "privacy": "PRI", "user": 6, "invite_email": null, "created_when": "2012-09-01T11:25:28.911", "relationship_type": "VO"}}, {"pk": 125, "model": "modernpolitics.relationship", "fields": {"creator": 6, "privacy": "PRI", "user": 6, "invite_email": null, "created_when": "2012-09-01T11:25:28.997", "relationship_type": "VO"}}, {"pk": 126, "model": "modernpolitics.relationship", "fields": {"creator": 6, "privacy": "PRI", "user": 6, "invite_email": null, "created_when": "2012-09-01T11:25:29.147", "relationship_type": "VO"}}, {"pk": 127, "model": "modernpolitics.relationship", "fields": {"creator": 6, "privacy": "PRI", "user": 6, "invite_email": null, "created_when": "2012-09-01T11:25:29.263", "relationship_type": "VO"}}, {"pk": 128, "model": "modernpolitics.relationship", "fields": {"creator": 6, "privacy": "PRI", "user": 6, "invite_email": null, "created_when": "2012-09-01T11:25:29.447", "relationship_type": "VO"}}, {"pk": 129, "model": "modernpolitics.relationship", "fields": {"creator": 6, "privacy": "PRI", "user": 6, "invite_email": null, "created_when": "2012-09-01T11:25:29.623", "relationship_type": "VO"}}, {"pk": 130, "model": "modernpolitics.relationship", "fields": {"creator": 6, "privacy": "PRI", "user": 6, "invite_email": null, "created_when": "2012-09-01T11:25:29.857", "relationship_type": "VO"}}, {"pk": 131, "model": "modernpolitics.relationship", "fields": {"creator": 6, "privacy": "PRI", "user": 6, "invite_email": null, "created_when": "2012-09-01T11:25:30.029", "relationship_type": "VO"}}, {"pk": 132, "model": "modernpolitics.relationship", "fields": {"creator": 6, "privacy": "PRI", "user": 6, "invite_email": null, "created_when": "2012-09-01T11:25:30.335", "relationship_type": "VO"}}, {"pk": 133, "model": "modernpolitics.relationship", "fields": {"creator": 6, "privacy": "PRI", "user": 6, "invite_email": null, "created_when": "2012-09-01T11:25:30.500", "relationship_type": "VO"}}, {"pk": 134, "model": "modernpolitics.relationship", "fields": {"creator": 6, "privacy": "PRI", "user": 6, "invite_email": null, "created_when": "2012-09-01T11:25:30.789", "relationship_type": "VO"}}, {"pk": 135, "model": "modernpolitics.relationship", "fields": {"creator": 6, "privacy": "PRI", "user": 6, "invite_email": null, "created_when": "2012-09-01T11:25:30.944", "relationship_type": "VO"}}, {"pk": 136, "model": "modernpolitics.relationship", "fields": {"creator": 6, "privacy": "PRI", "user": 6, "invite_email": null, "created_when": "2012-09-01T11:25:31.189", "relationship_type": "VO"}}, {"pk": 137, "model": "modernpolitics.relationship", "fields": {"creator": 6, "privacy": "PRI", "user": 6, "invite_email": null, "created_when": "2012-09-01T11:25:31.396", "relationship_type": "VO"}}, {"pk": 138, "model": "modernpolitics.relationship", "fields": {"creator": 6, "privacy": "PRI", "user": 6, "invite_email": null, "created_when": "2012-09-01T11:25:31.673", "relationship_type": "VO"}}, {"pk": 139, "model": "modernpolitics.relationship", "fields": {"creator": 6, "privacy": "PRI", "user": 6, "invite_email": null, "created_when": "2012-09-01T11:25:31.999", "relationship_type": "VO"}}, {"pk": 140, "model": "modernpolitics.relationship", "fields": {"creator": 6, "privacy": "PRI", "user": 6, "invite_email": null, "created_when": "2012-09-01T11:25:32.157", "relationship_type": "VO"}}, {"pk": 141, "model": "modernpolitics.relationship", "fields": {"creator": 6, "privacy": "PRI", "user": 6, "invite_email": null, "created_when": "2012-09-01T11:25:32.355", "relationship_type": "VO"}}, {"pk": 142, "model": "modernpolitics.relationship", "fields": {"creator": 6, "privacy": "PRI", "user": 6, "invite_email": null, "created_when": "2012-09-01T11:25:32.810", "relationship_type": "VO"}}, {"pk": 143, "model": "modernpolitics.relationship", "fields": {"creator": 6, "privacy": "PRI", "user": 6, "invite_email": null, "created_when": "2012-09-01T11:25:32.900", "relationship_type": "VO"}}, {"pk": 144, "model": "modernpolitics.relationship", "fields": {"creator": 6, "privacy": "PRI", "user": 6, "invite_email": null, "created_when": "2012-09-01T11:25:33.075", "relationship_type": "VO"}}, {"pk": 145, "model": "modernpolitics.relationship", "fields": {"creator": 6, "privacy": "PRI", "user": 6, "invite_email": null, "created_when": "2012-09-01T11:25:33.378", "relationship_type": "VO"}}, {"pk": 146, "model": "modernpolitics.relationship", "fields": {"creator": 6, "privacy": "PRI", "user": 6, "invite_email": null, "created_when": "2012-09-01T11:25:33.550", "relationship_type": "VO"}}, {"pk": 147, "model": "modernpolitics.relationship", "fields": {"creator": 6, "privacy": "PRI", "user": 6, "invite_email": null, "created_when": "2012-09-01T11:25:33.860", "relationship_type": "VO"}}, {"pk": 148, "model": "modernpolitics.relationship", "fields": {"creator": 6, "privacy": "PRI", "user": 6, "invite_email": null, "created_when": "2012-09-01T11:25:34.047", "relationship_type": "VO"}}, {"pk": 149, "model": "modernpolitics.relationship", "fields": {"creator": 6, "privacy": "PRI", "user": 6, "invite_email": null, "created_when": "2012-09-01T11:25:34.188", "relationship_type": "VO"}}, {"pk": 150, "model": "modernpolitics.relationship", "fields": {"creator": 6, "privacy": "PRI", "user": 6, "invite_email": null, "created_when": "2012-09-01T11:25:34.373", "relationship_type": "VO"}}, {"pk": 151, "model": "modernpolitics.relationship", "fields": {"creator": 6, "privacy": "PRI", "user": 6, "invite_email": null, "created_when": "2012-09-01T11:25:34.599", "relationship_type": "VO"}}, {"pk": 152, "model": "modernpolitics.relationship", "fields": {"creator": 6, "privacy": "PRI", "user": 6, "invite_email": null, "created_when": "2012-09-01T11:25:34.848", "relationship_type": "VO"}}, {"pk": 153, "model": "modernpolitics.relationship", "fields": {"creator": 6, "privacy": "PRI", "user": 6, "invite_email": null, "created_when": "2012-09-01T11:25:35.044", "relationship_type": "VO"}}, {"pk": 154, "model": "modernpolitics.relationship", "fields": {"creator": 6, "privacy": "PRI", "user": 6, "invite_email": null, "created_when": "2012-09-01T11:25:35.235", "relationship_type": "VO"}}, {"pk": 155, "model": "modernpolitics.relationship", "fields": {"creator": 6, "privacy": "PRI", "user": 6, "invite_email": null, "created_when": "2012-09-01T11:25:35.399", "relationship_type": "VO"}}, {"pk": 156, "model": "modernpolitics.relationship", "fields": {"creator": 6, "privacy": "PRI", "user": 6, "invite_email": null, "created_when": "2012-09-01T11:25:35.667", "relationship_type": "VO"}}, {"pk": 157, "model": "modernpolitics.relationship", "fields": {"creator": 6, "privacy": "PRI", "user": 6, "invite_email": null, "created_when": "2012-09-01T11:25:35.988", "relationship_type": "VO"}}, {"pk": 158, "model": "modernpolitics.relationship", "fields": {"creator": 6, "privacy": "PRI", "user": 6, "invite_email": null, "created_when": "2012-09-01T11:25:36.201", "relationship_type": "VO"}}, {"pk": 159, "model": "modernpolitics.relationship", "fields": {"creator": 6, "privacy": "PRI", "user": 6, "invite_email": null, "created_when": "2012-09-01T11:25:36.356", "relationship_type": "VO"}}, {"pk": 160, "model": "modernpolitics.relationship", "fields": {"creator": 6, "privacy": "PRI", "user": 6, "invite_email": null, "created_when": "2012-09-01T11:25:38.345", "relationship_type": "VO"}}, {"pk": 161, "model": "modernpolitics.relationship", "fields": {"creator": 6, "privacy": "PRI", "user": 6, "invite_email": null, "created_when": "2012-09-01T11:25:38.526", "relationship_type": "VO"}}, {"pk": 162, "model": "modernpolitics.relationship", "fields": {"creator": 6, "privacy": "PRI", "user": 6, "invite_email": null, "created_when": "2012-09-01T11:25:38.868", "relationship_type": "VO"}}, {"pk": 163, "model": "modernpolitics.relationship", "fields": {"creator": 5, "privacy": "PRI", "user": 5, "invite_email": null, "created_when": "2012-09-01T11:25:39.060", "relationship_type": "VO"}}, {"pk": 164, "model": "modernpolitics.relationship", "fields": {"creator": 5, "privacy": "PRI", "user": 5, "invite_email": null, "created_when": "2012-09-01T11:25:39.187", "relationship_type": "VO"}}, {"pk": 165, "model": "modernpolitics.relationship", "fields": {"creator": 6, "privacy": "PRI", "user": 6, "invite_email": null, "created_when": "2012-09-01T11:25:39.366", "relationship_type": "VO"}}, {"pk": 166, "model": "modernpolitics.relationship", "fields": {"creator": 5, "privacy": "PRI", "user": 5, "invite_email": null, "created_when": "2012-09-01T11:25:39.683", "relationship_type": "VO"}}, {"pk": 167, "model": "modernpolitics.relationship", "fields": {"creator": 1, "privacy": "PRI", "user": 1, "invite_email": null, "created_when": "2012-09-01T11:25:39.995", "relationship_type": "VO"}}, {"pk": 168, "model": "modernpolitics.relationship", "fields": {"creator": 9, "privacy": "PUB", "user": 9, "invite_email": null, "created_when": "2012-09-01T11:25:40.137", "relationship_type": "JO"}}, {"pk": 169, "model": "modernpolitics.relationship", "fields": {"creator": 1, "privacy": "PRI", "user": 1, "invite_email": null, "created_when": "2012-09-01T11:25:40.467", "relationship_type": "VO"}}, {"pk": 170, "model": "modernpolitics.relationship", "fields": {"creator": 1, "privacy": "PRI", "user": 1, "invite_email": null, "created_when": "2012-09-01T11:25:40.749", "relationship_type": "VO"}}, {"pk": 1, "model": "modernpolitics.ucrelationship", "fields": {"content": 171482}}, {"pk": 2, "model": "modernpolitics.ucrelationship", "fields": {"content": 171483}}, {"pk": 3, "model": "modernpolitics.ucrelationship", "fields": {"content": 171484}}, {"pk": 4, "model": "modernpolitics.ucrelationship", "fields": {"content": 171484}}, {"pk": 5, "model": "modernpolitics.ucrelationship", "fields": {"content": 171485}}, {"pk": 6, "model": "modernpolitics.ucrelationship", "fields": {"content": 171481}}, {"pk": 7, "model": "modernpolitics.ucrelationship", "fields": {"content": 171486}}, {"pk": 8, "model": "modernpolitics.ucrelationship", "fields": {"content": 171487}}, {"pk": 9, "model": "modernpolitics.ucrelationship", "fields": {"content": 171488}}, {"pk": 10, "model": "modernpolitics.ucrelationship", "fields": {"content": 171489}}, {"pk": 11, "model": "modernpolitics.ucrelationship", "fields": {"content": 171490}}, {"pk": 12, "model": "modernpolitics.ucrelationship", "fields": {"content": 171491}}, {"pk": 13, "model": "modernpolitics.ucrelationship", "fields": {"content": 171492}}, {"pk": 14, "model": "modernpolitics.ucrelationship", "fields": {"content": 171493}}, {"pk": 15, "model": "modernpolitics.ucrelationship", "fields": {"content": 171494}}, {"pk": 16, "model": "modernpolitics.ucrelationship", "fields": {"content": 171495}}, {"pk": 17, "model": "modernpolitics.ucrelationship", "fields": {"content": 171496}}, {"pk": 18, "model": "modernpolitics.ucrelationship", "fields": {"content": 171484}}, {"pk": 19, "model": "modernpolitics.ucrelationship", "fields": {"content": 171497}}, {"pk": 20, "model": "modernpolitics.ucrelationship", "fields": {"content": 171498}}, {"pk": 21, "model": "modernpolitics.ucrelationship", "fields": {"content": 171484}}, {"pk": 22, "model": "modernpolitics.ucrelationship", "fields": {"content": 171499}}, {"pk": 23, "model": "modernpolitics.ucrelationship", "fields": {"content": 171500}}, {"pk": 24, "model": "modernpolitics.ucrelationship", "fields": {"content": 171484}}, {"pk": 25, "model": "modernpolitics.ucrelationship", "fields": {"content": 171501}}, {"pk": 26, "model": "modernpolitics.ucrelationship", "fields": {"content": 171502}}, {"pk": 27, "model": "modernpolitics.ucrelationship", "fields": {"content": 171484}}, {"pk": 28, "model": "modernpolitics.ucrelationship", "fields": {"content": 171503}}, {"pk": 29, "model": "modernpolitics.ucrelationship", "fields": {"content": 171504}}, {"pk": 30, "model": "modernpolitics.ucrelationship", "fields": {"content": 171484}}, {"pk": 31, "model": "modernpolitics.ucrelationship", "fields": {"content": 171505}}, {"pk": 32, "model": "modernpolitics.ucrelationship", "fields": {"content": 171506}}, {"pk": 33, "model": "modernpolitics.ucrelationship", "fields": {"content": 171484}}, {"pk": 34, "model": "modernpolitics.ucrelationship", "fields": {"content": 171507}}, {"pk": 35, "model": "modernpolitics.ucrelationship", "fields": {"content": 171508}}, {"pk": 36, "model": "modernpolitics.ucrelationship", "fields": {"content": 171484}}, {"pk": 37, "model": "modernpolitics.ucrelationship", "fields": {"content": 171509}}, {"pk": 38, "model": "modernpolitics.ucrelationship", "fields": {"content": 171510}}, {"pk": 39, "model": "modernpolitics.ucrelationship", "fields": {"content": 171484}}, {"pk": 40, "model": "modernpolitics.ucrelationship", "fields": {"content": 171511}}, {"pk": 41, "model": "modernpolitics.ucrelationship", "fields": {"content": 171512}}, {"pk": 42, "model": "modernpolitics.ucrelationship", "fields": {"content": 171513}}, {"pk": 43, "model": "modernpolitics.ucrelationship", "fields": {"content": 171514}}, {"pk": 44, "model": "modernpolitics.ucrelationship", "fields": {"content": 171517}}, {"pk": 45, "model": "modernpolitics.ucrelationship", "fields": {"content": 171518}}, {"pk": 46, "model": "modernpolitics.ucrelationship", "fields": {"content": 171518}}, {"pk": 47, "model": "modernpolitics.ucrelationship", "fields": {"content": 171519}}, {"pk": 48, "model": "modernpolitics.ucrelationship", "fields": {"content": 171520}}, {"pk": 49, "model": "modernpolitics.ucrelationship", "fields": {"content": 171521}}, {"pk": 50, "model": "modernpolitics.ucrelationship", "fields": {"content": 171522}}, {"pk": 51, "model": "modernpolitics.ucrelationship", "fields": {"content": 4}}, {"pk": 52, "model": "modernpolitics.ucrelationship", "fields": {"content": 171523}}, {"pk": 53, "model": "modernpolitics.ucrelationship", "fields": {"content": 5}}, {"pk": 54, "model": "modernpolitics.ucrelationship", "fields": {"content": 171524}}, {"pk": 55, "model": "modernpolitics.ucrelationship", "fields": {"content": 8}}, {"pk": 56, "model": "modernpolitics.ucrelationship", "fields": {"content": 171525}}, {"pk": 57, "model": "modernpolitics.ucrelationship", "fields": {"content": 9}}, {"pk": 58, "model": "modernpolitics.ucrelationship", "fields": {"content": 171526}}, {"pk": 59, "model": "modernpolitics.ucrelationship", "fields": {"content": 10}}, {"pk": 60, "model": "modernpolitics.ucrelationship", "fields": {"content": 171527}}, {"pk": 61, "model": "modernpolitics.ucrelationship", "fields": {"content": 11}}, {"pk": 62, "model": "modernpolitics.ucrelationship", "fields": {"content": 171528}}, {"pk": 63, "model": "modernpolitics.ucrelationship", "fields": {"content": 12}}, {"pk": 64, "model": "modernpolitics.ucrelationship", "fields": {"content": 171529}}, {"pk": 65, "model": "modernpolitics.ucrelationship", "fields": {"content": 14}}, {"pk": 66, "model": "modernpolitics.ucrelationship", "fields": {"content": 171530}}, {"pk": 67, "model": "modernpolitics.ucrelationship", "fields": {"content": 15}}, {"pk": 68, "model": "modernpolitics.ucrelationship", "fields": {"content": 171531}}, {"pk": 69, "model": "modernpolitics.ucrelationship", "fields": {"content": 16}}, {"pk": 70, "model": "modernpolitics.ucrelationship", "fields": {"content": 171532}}, {"pk": 71, "model": "modernpolitics.ucrelationship", "fields": {"content": 17}}, {"pk": 72, "model": "modernpolitics.ucrelationship", "fields": {"content": 171533}}, {"pk": 73, "model": "modernpolitics.ucrelationship", "fields": {"content": 18}}, {"pk": 74, "model": "modernpolitics.ucrelationship", "fields": {"content": 171534}}, {"pk": 75, "model": "modernpolitics.ucrelationship", "fields": {"content": 19}}, {"pk": 76, "model": "modernpolitics.ucrelationship", "fields": {"content": 171535}}, {"pk": 77, "model": "modernpolitics.ucrelationship", "fields": {"content": 20}}, {"pk": 78, "model": "modernpolitics.ucrelationship", "fields": {"content": 171536}}, {"pk": 79, "model": "modernpolitics.ucrelationship", "fields": {"content": 21}}, {"pk": 80, "model": "modernpolitics.ucrelationship", "fields": {"content": 171537}}, {"pk": 81, "model": "modernpolitics.ucrelationship", "fields": {"content": 22}}, {"pk": 82, "model": "modernpolitics.ucrelationship", "fields": {"content": 171538}}, {"pk": 83, "model": "modernpolitics.ucrelationship", "fields": {"content": 23}}, {"pk": 84, "model": "modernpolitics.ucrelationship", "fields": {"content": 171539}}, {"pk": 85, "model": "modernpolitics.ucrelationship", "fields": {"content": 24}}, {"pk": 86, "model": "modernpolitics.ucrelationship", "fields": {"content": 171540}}, {"pk": 87, "model": "modernpolitics.ucrelationship", "fields": {"content": 25}}, {"pk": 88, "model": "modernpolitics.ucrelationship", "fields": {"content": 171541}}, {"pk": 89, "model": "modernpolitics.ucrelationship", "fields": {"content": 26}}, {"pk": 90, "model": "modernpolitics.ucrelationship", "fields": {"content": 171542}}, {"pk": 91, "model": "modernpolitics.ucrelationship", "fields": {"content": 28}}, {"pk": 92, "model": "modernpolitics.ucrelationship", "fields": {"content": 171543}}, {"pk": 93, "model": "modernpolitics.ucrelationship", "fields": {"content": 29}}, {"pk": 94, "model": "modernpolitics.ucrelationship", "fields": {"content": 171544}}, {"pk": 95, "model": "modernpolitics.ucrelationship", "fields": {"content": 30}}, {"pk": 96, "model": "modernpolitics.ucrelationship", "fields": {"content": 171545}}, {"pk": 97, "model": "modernpolitics.ucrelationship", "fields": {"content": 31}}, {"pk": 98, "model": "modernpolitics.ucrelationship", "fields": {"content": 171546}}, {"pk": 99, "model": "modernpolitics.ucrelationship", "fields": {"content": 32}}, {"pk": 100, "model": "modernpolitics.ucrelationship", "fields": {"content": 171547}}, {"pk": 101, "model": "modernpolitics.ucrelationship", "fields": {"content": 33}}, {"pk": 102, "model": "modernpolitics.ucrelationship", "fields": {"content": 171548}}, {"pk": 103, "model": "modernpolitics.ucrelationship", "fields": {"content": 34}}, {"pk": 104, "model": "modernpolitics.ucrelationship", "fields": {"content": 171549}}, {"pk": 105, "model": "modernpolitics.ucrelationship", "fields": {"content": 35}}, {"pk": 106, "model": "modernpolitics.ucrelationship", "fields": {"content": 171550}}, {"pk": 107, "model": "modernpolitics.ucrelationship", "fields": {"content": 36}}, {"pk": 108, "model": "modernpolitics.ucrelationship", "fields": {"content": 171551}}, {"pk": 109, "model": "modernpolitics.ucrelationship", "fields": {"content": 37}}, {"pk": 110, "model": "modernpolitics.ucrelationship", "fields": {"content": 171552}}, {"pk": 111, "model": "modernpolitics.ucrelationship", "fields": {"content": 38}}, {"pk": 112, "model": "modernpolitics.ucrelationship", "fields": {"content": 171553}}, {"pk": 113, "model": "modernpolitics.ucrelationship", "fields": {"content": 39}}, {"pk": 114, "model": "modernpolitics.ucrelationship", "fields": {"content": 171554}}, {"pk": 115, "model": "modernpolitics.ucrelationship", "fields": {"content": 40}}, {"pk": 116, "model": "modernpolitics.ucrelationship", "fields": {"content": 171555}}, {"pk": 117, "model": "modernpolitics.ucrelationship", "fields": {"content": 41}}, {"pk": 118, "model": "modernpolitics.ucrelationship", "fields": {"content": 171556}}, {"pk": 119, "model": "modernpolitics.ucrelationship", "fields": {"content": 42}}, {"pk": 120, "model": "modernpolitics.ucrelationship", "fields": {"content": 171557}}, {"pk": 121, "model": "modernpolitics.ucrelationship", "fields": {"content": 43}}, {"pk": 122, "model": "modernpolitics.ucrelationship", "fields": {"content": 171558}}, {"pk": 123, "model": "modernpolitics.ucrelationship", "fields": {"content": 45}}, {"pk": 124, "model": "modernpolitics.ucrelationship", "fields": {"content": 171559}}, {"pk": 125, "model": "modernpolitics.ucrelationship", "fields": {"content": 46}}, {"pk": 126, "model": "modernpolitics.ucrelationship", "fields": {"content": 171560}}, {"pk": 127, "model": "modernpolitics.ucrelationship", "fields": {"content": 47}}, {"pk": 128, "model": "modernpolitics.ucrelationship", "fields": {"content": 171561}}, {"pk": 129, "model": "modernpolitics.ucrelationship", "fields": {"content": 48}}, {"pk": 130, "model": "modernpolitics.ucrelationship", "fields": {"content": 171562}}, {"pk": 131, "model": "modernpolitics.ucrelationship", "fields": {"content": 1940}}, {"pk": 132, "model": "modernpolitics.ucrelationship", "fields": {"content": 171563}}, {"pk": 133, "model": "modernpolitics.ucrelationship", "fields": {"content": 1941}}, {"pk": 134, "model": "modernpolitics.ucrelationship", "fields": {"content": 171564}}, {"pk": 135, "model": "modernpolitics.ucrelationship", "fields": {"content": 1942}}, {"pk": 136, "model": "modernpolitics.ucrelationship", "fields": {"content": 171565}}, {"pk": 137, "model": "modernpolitics.ucrelationship", "fields": {"content": 4165}}, {"pk": 138, "model": "modernpolitics.ucrelationship", "fields": {"content": 171566}}, {"pk": 139, "model": "modernpolitics.ucrelationship", "fields": {"content": 4174}}, {"pk": 140, "model": "modernpolitics.ucrelationship", "fields": {"content": 171567}}, {"pk": 141, "model": "modernpolitics.ucrelationship", "fields": {"content": 4176}}, {"pk": 142, "model": "modernpolitics.ucrelationship", "fields": {"content": 171568}}, {"pk": 143, "model": "modernpolitics.ucrelationship", "fields": {"content": 170837}}, {"pk": 144, "model": "modernpolitics.ucrelationship", "fields": {"content": 171569}}, {"pk": 145, "model": "modernpolitics.ucrelationship", "fields": {"content": 170838}}, {"pk": 146, "model": "modernpolitics.ucrelationship", "fields": {"content": 171570}}, {"pk": 147, "model": "modernpolitics.ucrelationship", "fields": {"content": 170842}}, {"pk": 148, "model": "modernpolitics.ucrelationship", "fields": {"content": 171571}}, {"pk": 149, "model": "modernpolitics.ucrelationship", "fields": {"content": 170846}}, {"pk": 150, "model": "modernpolitics.ucrelationship", "fields": {"content": 171572}}, {"pk": 151, "model": "modernpolitics.ucrelationship", "fields": {"content": 170853}}, {"pk": 152, "model": "modernpolitics.ucrelationship", "fields": {"content": 171573}}, {"pk": 153, "model": "modernpolitics.ucrelationship", "fields": {"content": 171282}}, {"pk": 154, "model": "modernpolitics.ucrelationship", "fields": {"content": 171574}}, {"pk": 155, "model": "modernpolitics.ucrelationship", "fields": {"content": 171295}}, {"pk": 156, "model": "modernpolitics.ucrelationship", "fields": {"content": 171575}}, {"pk": 157, "model": "modernpolitics.ucrelationship", "fields": {"content": 171412}}, {"pk": 158, "model": "modernpolitics.ucrelationship", "fields": {"content": 171576}}, {"pk": 159, "model": "modernpolitics.ucrelationship", "fields": {"content": 171480}}, {"pk": 160, "model": "modernpolitics.ucrelationship", "fields": {"content": 171577}}, {"pk": 161, "model": "modernpolitics.ucrelationship", "fields": {"content": 171578}}, {"pk": 162, "model": "modernpolitics.ucrelationship", "fields": {"content": 171579}}, {"pk": 163, "model": "modernpolitics.ucrelationship", "fields": {"content": 171580}}, {"pk": 164, "model": "modernpolitics.ucrelationship", "fields": {"content": 171581}}, {"pk": 165, "model": "modernpolitics.ucrelationship", "fields": {"content": 171582}}, {"pk": 166, "model": "modernpolitics.ucrelationship", "fields": {"content": 171583}}, {"pk": 167, "model": "modernpolitics.ucrelationship", "fields": {"content": 171584}}, {"pk": 168, "model": "modernpolitics.ucrelationship", "fields": {"content": 171485}}, {"pk": 169, "model": "modernpolitics.ucrelationship", "fields": {"content": 171585}}, {"pk": 170, "model": "modernpolitics.ucrelationship", "fields": {"content": 171586}}, {"pk": 1, "model": "modernpolitics.voted", "fields": {"value": 1}}, {"pk": 2, "model": "modernpolitics.voted", "fields": {"value": 1}}, {"pk": 3, "model": "modernpolitics.voted", "fields": {"value": 1}}, {"pk": 5, "model": "modernpolitics.voted", "fields": {"value": 1}}, {"pk": 6, "model": "modernpolitics.voted", "fields": {"value": 1}}, {"pk": 7, "model": "modernpolitics.voted", "fields": {"value": 1}}, {"pk": 8, "model": "modernpolitics.voted", "fields": {"value": 1}}, {"pk": 9, "model": "modernpolitics.voted", "fields": {"value": 1}}, {"pk": 10, "model": "modernpolitics.voted", "fields": {"value": 1}}, {"pk": 11, "model": "modernpolitics.voted", "fields": {"value": 1}}, {"pk": 12, "model": "modernpolitics.voted", "fields": {"value": 1}}, {"pk": 13, "model": "modernpolitics.voted", "fields": {"value": 1}}, {"pk": 14, "model": "modernpolitics.voted", "fields": {"value": 1}}, {"pk": 15, "model": "modernpolitics.voted", "fields": {"value": 1}}, {"pk": 16, "model": "modernpolitics.voted", "fields": {"value": 1}}, {"pk": 17, "model": "modernpolitics.voted", "fields": {"value": 1}}, {"pk": 19, "model": "modernpolitics.voted", "fields": {"value": 1}}, {"pk": 20, "model": "modernpolitics.voted", "fields": {"value": 1}}, {"pk": 22, "model": "modernpolitics.voted", "fields": {"value": 1}}, {"pk": 23, "model": "modernpolitics.voted", "fields": {"value": 1}}, {"pk": 25, "model": "modernpolitics.voted", "fields": {"value": 1}}, {"pk": 26, "model": "modernpolitics.voted", "fields": {"value": 1}}, {"pk": 28, "model": "modernpolitics.voted", "fields": {"value": 1}}, {"pk": 29, "model": "modernpolitics.voted", "fields": {"value": 1}}, {"pk": 31, "model": "modernpolitics.voted", "fields": {"value": 1}}, {"pk": 32, "model": "modernpolitics.voted", "fields": {"value": 1}}, {"pk": 34, "model": "modernpolitics.voted", "fields": {"value": 1}}, {"pk": 35, "model": "modernpolitics.voted", "fields": {"value": 1}}, {"pk": 37, "model": "modernpolitics.voted", "fields": {"value": 1}}, {"pk": 38, "model": "modernpolitics.voted", "fields": {"value": 1}}, {"pk": 40, "model": "modernpolitics.voted", "fields": {"value": 1}}, {"pk": 41, "model": "modernpolitics.voted", "fields": {"value": 1}}, {"pk": 42, "model": "modernpolitics.voted", "fields": {"value": 1}}, {"pk": 43, "model": "modernpolitics.voted", "fields": {"value": 1}}, {"pk": 44, "model": "modernpolitics.voted", "fields": {"value": 1}}, {"pk": 45, "model": "modernpolitics.voted", "fields": {"value": 1}}, {"pk": 47, "model": "modernpolitics.voted", "fields": {"value": 1}}, {"pk": 48, "model": "modernpolitics.voted", "fields": {"value": 1}}, {"pk": 49, "model": "modernpolitics.voted", "fields": {"value": 1}}, {"pk": 50, "model": "modernpolitics.voted", "fields": {"value": 1}}, {"pk": 51, "model": "modernpolitics.voted", "fields": {"value": 1}}, {"pk": 52, "model": "modernpolitics.voted", "fields": {"value": 1}}, {"pk": 53, "model": "modernpolitics.voted", "fields": {"value": 1}}, {"pk": 54, "model": "modernpolitics.voted", "fields": {"value": 1}}, {"pk": 55, "model": "modernpolitics.voted", "fields": {"value": 1}}, {"pk": 56, "model": "modernpolitics.voted", "fields": {"value": 1}}, {"pk": 57, "model": "modernpolitics.voted", "fields": {"value": 1}}, {"pk": 58, "model": "modernpolitics.voted", "fields": {"value": 1}}, {"pk": 59, "model": "modernpolitics.voted", "fields": {"value": 1}}, {"pk": 60, "model": "modernpolitics.voted", "fields": {"value": 1}}, {"pk": 61, "model": "modernpolitics.voted", "fields": {"value": 1}}, {"pk": 62, "model": "modernpolitics.voted", "fields": {"value": 1}}, {"pk": 63, "model": "modernpolitics.voted", "fields": {"value": 1}}, {"pk": 64, "model": "modernpolitics.voted", "fields": {"value": 1}}, {"pk": 65, "model": "modernpolitics.voted", "fields": {"value": 1}}, {"pk": 66, "model": "modernpolitics.voted", "fields": {"value": 1}}, {"pk": 67, "model": "modernpolitics.voted", "fields": {"value": 1}}, {"pk": 68, "model": "modernpolitics.voted", "fields": {"value": 1}}, {"pk": 69, "model": "modernpolitics.voted", "fields": {"value": 1}}, {"pk": 70, "model": "modernpolitics.voted", "fields": {"value": 1}}, {"pk": 71, "model": "modernpolitics.voted", "fields": {"value": 1}}, {"pk": 72, "model": "modernpolitics.voted", "fields": {"value": 1}}, {"pk": 73, "model": "modernpolitics.voted", "fields": {"value": 1}}, {"pk": 74, "model": "modernpolitics.voted", "fields": {"value": 1}}, {"pk": 75, "model": "modernpolitics.voted", "fields": {"value": 1}}, {"pk": 76, "model": "modernpolitics.voted", "fields": {"value": 1}}, {"pk": 77, "model": "modernpolitics.voted", "fields": {"value": 1}}, {"pk": 78, "model": "modernpolitics.voted", "fields": {"value": 1}}, {"pk": 79, "model": "modernpolitics.voted", "fields": {"value": 1}}, {"pk": 80, "model": "modernpolitics.voted", "fields": {"value": 1}}, {"pk": 81, "model": "modernpolitics.voted", "fields": {"value": 1}}, {"pk": 82, "model": "modernpolitics.voted", "fields": {"value": 1}}, {"pk": 83, "model": "modernpolitics.voted", "fields": {"value": 1}}, {"pk": 84, "model": "modernpolitics.voted", "fields": {"value": 1}}, {"pk": 85, "model": "modernpolitics.voted", "fields": {"value": 1}}, {"pk": 86, "model": "modernpolitics.voted", "fields": {"value": 1}}, {"pk": 87, "model": "modernpolitics.voted", "fields": {"value": 1}}, {"pk": 88, "model": "modernpolitics.voted", "fields": {"value": 1}}, {"pk": 89, "model": "modernpolitics.voted", "fields": {"value": 1}}, {"pk": 90, "model": "modernpolitics.voted", "fields": {"value": 1}}, {"pk": 91, "model": "modernpolitics.voted", "fields": {"value": 1}}, {"pk": 92, "model": "modernpolitics.voted", "fields": {"value": 1}}, {"pk": 93, "model": "modernpolitics.voted", "fields": {"value": 1}}, {"pk": 94, "model": "modernpolitics.voted", "fields": {"value": 1}}, {"pk": 95, "model": "modernpolitics.voted", "fields": {"value": 1}}, {"pk": 96, "model": "modernpolitics.voted", "fields": {"value": 1}}, {"pk": 97, "model": "modernpolitics.voted", "fields": {"value": 1}}, {"pk": 98, "model": "modernpolitics.voted", "fields": {"value": 1}}, {"pk": 99, "model": "modernpolitics.voted", "fields": {"value": 1}}, {"pk": 100, "model": "modernpolitics.voted", "fields": {"value": 1}}, {"pk": 101, "model": "modernpolitics.voted", "fields": {"value": 1}}, {"pk": 102, "model": "modernpolitics.voted", "fields": {"value": 1}}, {"pk": 103, "model": "modernpolitics.voted", "fields": {"value": 1}}, {"pk": 104, "model": "modernpolitics.voted", "fields": {"value": 1}}, {"pk": 105, "model": "modernpolitics.voted", "fields": {"value": 1}}, {"pk": 106, "model": "modernpolitics.voted", "fields": {"value": 1}}, {"pk": 107, "model": "modernpolitics.voted", "fields": {"value": 1}}, {"pk": 108, "model": "modernpolitics.voted", "fields": {"value": 1}}, {"pk": 109, "model": "modernpolitics.voted", "fields": {"value": 1}}, {"pk": 110, "model": "modernpolitics.voted", "fields": {"value": 1}}, {"pk": 111, "model": "modernpolitics.voted", "fields": {"value": 1}}, {"pk": 112, "model": "modernpolitics.voted", "fields": {"value": 1}}, {"pk": 113, "model": "modernpolitics.voted", "fields": {"value": 1}}, {"pk": 114, "model": "modernpolitics.voted", "fields": {"value": 1}}, {"pk": 115, "model": "modernpolitics.voted", "fields": {"value": 1}}, {"pk": 116, "model": "modernpolitics.voted", "fields": {"value": 1}}, {"pk": 117, "model": "modernpolitics.voted", "fields": {"value": 1}}, {"pk": 118, "model": "modernpolitics.voted", "fields": {"value": 1}}, {"pk": 119, "model": "modernpolitics.voted", "fields": {"value": 1}}, {"pk": 120, "model": "modernpolitics.voted", "fields": {"value": 1}}, {"pk": 121, "model": "modernpolitics.voted", "fields": {"value": 1}}, {"pk": 122, "model": "modernpolitics.voted", "fields": {"value": 1}}, {"pk": 123, "model": "modernpolitics.voted", "fields": {"value": 1}}, {"pk": 124, "model": "modernpolitics.voted", "fields": {"value": 1}}, {"pk": 125, "model": "modernpolitics.voted", "fields": {"value": 1}}, {"pk": 126, "model": "modernpolitics.voted", "fields": {"value": 1}}, {"pk": 127, "model": "modernpolitics.voted", "fields": {"value": 1}}, {"pk": 128, "model": "modernpolitics.voted", "fields": {"value": 1}}, {"pk": 129, "model": "modernpolitics.voted", "fields": {"value": 1}}, {"pk": 130, "model": "modernpolitics.voted", "fields": {"value": 1}}, {"pk": 131, "model": "modernpolitics.voted", "fields": {"value": 1}}, {"pk": 132, "model": "modernpolitics.voted", "fields": {"value": 1}}, {"pk": 133, "model": "modernpolitics.voted", "fields": {"value": 1}}, {"pk": 134, "model": "modernpolitics.voted", "fields": {"value": 1}}, {"pk": 135, "model": "modernpolitics.voted", "fields": {"value": 1}}, {"pk": 136, "model": "modernpolitics.voted", "fields": {"value": 1}}, {"pk": 137, "model": "modernpolitics.voted", "fields": {"value": 1}}, {"pk": 138, "model": "modernpolitics.voted", "fields": {"value": 1}}, {"pk": 139, "model": "modernpolitics.voted", "fields": {"value": 1}}, {"pk": 140, "model": "modernpolitics.voted", "fields": {"value": 1}}, {"pk": 141, "model": "modernpolitics.voted", "fields": {"value": 1}}, {"pk": 142, "model": "modernpolitics.voted", "fields": {"value": 1}}, {"pk": 143, "model": "modernpolitics.voted", "fields": {"value": 1}}, {"pk": 144, "model": "modernpolitics.voted", "fields": {"value": 1}}, {"pk": 145, "model": "modernpolitics.voted", "fields": {"value": 1}}, {"pk": 146, "model": "modernpolitics.voted", "fields": {"value": 1}}, {"pk": 147, "model": "modernpolitics.voted", "fields": {"value": 1}}, {"pk": 148, "model": "modernpolitics.voted", "fields": {"value": 1}}, {"pk": 149, "model": "modernpolitics.voted", "fields": {"value": 1}}, {"pk": 150, "model": "modernpolitics.voted", "fields": {"value": 1}}, {"pk": 151, "model": "modernpolitics.voted", "fields": {"value": 1}}, {"pk": 152, "model": "modernpolitics.voted", "fields": {"value": 1}}, {"pk": 153, "model": "modernpolitics.voted", "fields": {"value": 1}}, {"pk": 154, "model": "modernpolitics.voted", "fields": {"value": 1}}, {"pk": 155, "model": "modernpolitics.voted", "fields": {"value": 1}}, {"pk": 156, "model": "modernpolitics.voted", "fields": {"value": 1}}, {"pk": 157, "model": "modernpolitics.voted", "fields": {"value": 1}}, {"pk": 158, "model": "modernpolitics.voted", "fields": {"value": 1}}, {"pk": 159, "model": "modernpolitics.voted", "fields": {"value": 1}}, {"pk": 160, "model": "modernpolitics.voted", "fields": {"value": 1}}, {"pk": 161, "model": "modernpolitics.voted", "fields": {"value": 1}}, {"pk": 162, "model": "modernpolitics.voted", "fields": {"value": 1}}, {"pk": 163, "model": "modernpolitics.voted", "fields": {"value": 1}}, {"pk": 164, "model": "modernpolitics.voted", "fields": {"value": 1}}, {"pk": 165, "model": "modernpolitics.voted", "fields": {"value": 1}}, {"pk": 166, "model": "modernpolitics.voted", "fields": {"value": 1}}, {"pk": 167, "model": "modernpolitics.voted", "fields": {"value": 1}}, {"pk": 169, "model": "modernpolitics.voted", "fields": {"value": 1}}, {"pk": 170, "model": "modernpolitics.voted", "fields": {"value": 1}}, {"pk": 4, "model": "modernpolitics.groupjoined", "fields": {"requested": false, "confirmed": true, "group": 171484, "invited": false, "rejected": false, "invite_email": null, "inviter": -1, "declined": false}}, {"pk": 18, "model": "modernpolitics.groupjoined", "fields": {"requested": false, "confirmed": true, "group": 171484, "invited": false, "rejected": false, "invite_email": null, "inviter": -1, "declined": false}}, {"pk": 21, "model": "modernpolitics.groupjoined", "fields": {"requested": false, "confirmed": true, "group": 171484, "invited": false, "rejected": false, "invite_email": null, "inviter": -1, "declined": false}}, {"pk": 24, "model": "modernpolitics.groupjoined", "fields": {"requested": false, "confirmed": true, "group": 171484, "invited": false, "rejected": false, "invite_email": null, "inviter": -1, "declined": false}}, {"pk": 27, "model": "modernpolitics.groupjoined", "fields": {"requested": false, "confirmed": true, "group": 171484, "invited": false, "rejected": false, "invite_email": null, "inviter": -1, "declined": false}}, {"pk": 30, "model": "modernpolitics.groupjoined", "fields": {"requested": false, "confirmed": true, "group": 171484, "invited": false, "rejected": false, "invite_email": null, "inviter": -1, "declined": false}}, {"pk": 33, "model": "modernpolitics.groupjoined", "fields": {"requested": false, "confirmed": true, "group": 171484, "invited": false, "rejected": false, "invite_email": null, "inviter": -1, "declined": false}}, {"pk": 36, "model": "modernpolitics.groupjoined", "fields": {"requested": false, "confirmed": true, "group": 171484, "invited": false, "rejected": false, "invite_email": null, "inviter": -1, "declined": false}}, {"pk": 39, "model": "modernpolitics.groupjoined", "fields": {"requested": false, "confirmed": true, "group": 171484, "invited": false, "rejected": false, "invite_email": null, "inviter": -1, "declined": false}}, {"pk": 46, "model": "modernpolitics.groupjoined", "fields": {"requested": false, "confirmed": true, "group": 171518, "invited": false, "rejected": false, "invite_email": null, "inviter": -1, "declined": false}}, {"pk": 168, "model": "modernpolitics.groupjoined", "fields": {"requested": false, "confirmed": true, "group": 171485, "invited": false, "rejected": false, "invite_email": null, "inviter": -1, "declined": false}}]